x,y,z,srp_score
0.02,0.02,0.0,0.003968482251098151
0.04,0.02,0.0,-0.005226021404073258
0.06,0.02,0.0,0.0013167792410065762
0.08,0.02,0.0,-0.004992089674929816
0.1,0.02,0.0,-0.002953331762170044
0.12000000000000001,0.02,0.0,0.03731370016401834
0.13999999999999999,0.02,0.0,0.0005729017528767171
0.16,0.02,0.0,-0.0028113563737819074
0.18,0.02,0.0,0.0004984057590606851
0.19999999999999998,0.02,0.0,0.003605965499362431
0.22,0.02,0.0,-0.00625045138092895
0.24,0.02,0.0,-0.00410273220601534
0.26,0.02,0.0,0.007305737117377744
0.28,0.02,0.0,0.025854217961119582
0.30000000000000004,0.02,0.0,0.008110581713914492
0.32,0.02,0.0,0.021027496196668275
0.34,0.02,0.0,0.002191109802450809
0.36000000000000004,0.02,0.0,0.0016041490831904363
0.38,0.02,0.0,0.025795289736638853
0.4,0.02,0.0,0.024607376756034218
0.42000000000000004,0.02,0.0,0.0009960223862695886
0.44,0.02,0.0,0.03130258945006714
0.46,0.02,0.0,0.008272611582457153
0.48000000000000004,0.02,0.0,0.004349868702119616
0.5,0.02,0.0,0.02391674545357399
0.52,0.02,0.0,-0.004513456774427559
0.54,0.02,0.0,-0.006922611909604933
0.56,0.02,0.0,-0.004364462468208462
0.5800000000000001,0.02,0.0,0.02319043546070205
0.6,0.02,0.0,0.007523183927246395
0.62,0.02,0.0,0.0070236327757412734
0.64,0.02,0.0,-0.003087261209209321
0.66,0.02,0.0,-0.002472750865474394
0.68,0.02,0.0,-0.0013425325460680892
0.7000000000000001,0.02,0.0,-0.0005702302185617689
0.7200000000000001,0.02,0.0,-0.0013245887245271935
0.74,0.02,0.0,-0.0043403241309671785
0.76,0.02,0.0,0.032727028625369324
0.78,0.02,0.0,0.016769646130336123
0.8,0.02,0.0,-0.009445578906639936
0.8200000000000001,0.02,0.0,-0.003096308416792971
0.8400000000000001,0.02,0.0,-0.0004690383205993568
0.86,0.02,0.0,0.0007692188664941975
0.88,0.02,0.0,0.003311707975312984
0.9,0.02,0.0,0.00044791636955242525
0.92,0.02,0.0,0.002296600880800389
0.9400000000000001,0.02,0.0,-0.0015585465477933888
0.9600000000000001,0.02,0.0,-0.0005254630190466225
0.98,0.02,0.0,0.0019757869240817376
1.0,0.02,0.0,0.0008044011670154142
1.02,0.02,0.0,0.001306007027235576
1.04,0.02,0.0,-0.00023395098474349326
1.06,0.02,0.0,-0.0018796875318615228
1.08,0.02,0.0,-0.003674524257349298
1.1,0.02,0.0,-0.003519064322931213
1.12,0.02,0.0,-0.0023495335485982077
1.1400000000000001,0.02,0.0,-0.0021714752354308185
1.1600000000000001,0.02,0.0,0.00024907489915404767
1.18,0.02,0.0,0.0024969450450430626
0.02,0.04,0.0,-0.0023943401882811173
0.04,0.04,0.0,0.0024156016971049704
0.06,0.04,0.0,-0.0008838145669866509
0.08,0.04,0.0,0.0002666617906677847
0.1,0.04,0.0,0.00010868863429202929
0.12000000000000001,0.04,0.0,-0.007064015229618503
0.13999999999999999,0.04,0.0,0.03834629464225086
0.16,0.04,0.0,0.0023364819483275463
0.18,0.04,0.0,-0.004273316199412613
0.19999999999999998,0.04,0.0,-0.001842796828946342
0.22,0.04,0.0,-0.006373611306900458
0.24,0.04,0.0,0.025331535997795453
0.26,0.04,0.0,0.01435295656568866
0.28,0.04,0.0,0.003702834900359108
0.30000000000000004,0.04,0.0,0.030762410768857707
0.32,0.04,0.0,0.02594164326234906
0.34,0.04,0.0,-0.0004966991930600842
0.36000000000000004,0.04,0.0,-0.0057603195145515445
0.38,0.04,0.0,0.011085937659540947
0.4,0.04,0.0,0.02545755601566864
0.42000000000000004,0.04,0.0,0.0046019851161062195
0.44,0.04,0.0,0.03082683543830853
0.46,0.04,0.0,0.02426243124918892
0.48000000000000004,0.04,0.0,-0.0034176911184433095
0.5,0.04,0.0,0.014577417311128719
0.52,0.04,0.0,0.0029362177243603183
0.54,0.04,0.0,0.008846258441512468
0.56,0.04,0.0,0.037306290182236516
0.5800000000000001,0.04,0.0,-0.008192449624177556
0.6,0.04,0.0,-0.00463568438807041
0.62,0.04,0.0,0.029993025308150647
0.64,0.04,0.0,0.0013463121883104086
0.66,0.04,0.0,0.0026731356068939666
0.68,0.04,0.0,0.0032319283112144104
0.7000000000000001,0.04,0.0,-0.000692173426651983
0.7200000000000001,0.04,0.0,-0.005608502185665808
0.74,0.04,0.0,0.02565619440008134
0.76,0.04,0.0,0.012027870228545073
0.78,0.04,0.0,-0.007479239012002115
0.8,0.04,0.0,-0.0026861076437299726
0.8200000000000001,0.04,0.0,0.0004087690594059111
0.8400000000000001,0.04,0.0,0.002047168155066551
0.86,0.04,0.0,-0.001792649266652911
0.88,0.04,0.0,-0.003977605215041748
0.9,0.04,0.0,-0.002213323981906758
0.92,0.04,0.0,-0.0008870678277347752
0.9400000000000001,0.04,0.0,-0.000984107535731037
0.9600000000000001,0.04,0.0,0.0014237689296883868
0.98,0.04,0.0,0.0018788939271352058
1.0,0.04,0.0,0.0007666571945098792
1.02,0.04,0.0,-0.00021423851061730143
1.04,0.04,0.0,-8.71088952717971e-05
1.06,0.04,0.0,-0.002052480518557652
1.08,0.04,0.0,-0.0008486649745122594
1.1,0.04,0.0,0.0009274811383086129
1.12,0.04,0.0,0.0042344919950423
1.1400000000000001,0.04,0.0,0.005229716125595007
1.1600000000000001,0.04,0.0,0.005875385714358334
1.18,0.04,0.0,0.002992748985644119
0.02,0.06,0.0,-0.0022487519127069935
0.04,0.06,0.0,-0.002766149606161382
0.06,0.06,0.0,-0.0014164618571393334
0.08,0.06,0.0,-0.0022273966397126756
0.1,0.06,0.0,0.0002320422770007723
0.12000000000000001,0.06,0.0,0.0024449791612377683
0.13999999999999999,0.06,0.0,-0.007874447664546645
0.16,0.06,0.0,0.04030459662759451
0.18,0.06,0.0,0.002763133015978742
0.19999999999999998,0.06,0.0,0.0014186923427833675
0.22,0.06,0.0,-0.002305276816118324
0.24,0.06,0.0,0.003933738612800091
0.26,0.06,0.0,0.010654048864324181
0.28,0.06,0.0,0.00928787326044145
0.30000000000000004,0.06,0.0,0.030719582521556557
0.32,0.06,0.0,0.005813140845910255
0.34,0.06,0.0,0.015875938130267744
0.36000000000000004,0.06,0.0,0.0022317149403583403
0.38,0.06,0.0,-0.0047412324565853994
0.4,0.06,0.0,-0.0036588848260518106
0.42000000000000004,0.06,0.0,0.0083403115036334
0.44,0.06,0.0,0.021019023077784457
0.46,0.06,0.0,0.04635627751965939
0.48000000000000004,0.06,0.0,-2.273004591779907e-05
0.5,0.06,0.0,-0.01072992792023455
0.52,0.06,0.0,-0.005910702971994313
0.54,0.06,0.0,-0.0013516397742117845
0.56,0.06,0.0,0.02243344528491401
0.5800000000000001,0.06,0.0,0.008375016664556941
0.6,0.06,0.0,0.011344761988756804
0.62,0.06,0.0,-0.0003708795065030984
0.64,0.06,0.0,0.001520567495226501
0.66,0.06,0.0,-0.00029609111950447257
0.68,0.06,0.0,-0.0002066985109551444
0.7000000000000001,0.06,0.0,-0.003479357191442919
0.7200000000000001,0.06,0.0,0.012780422405883285
0.74,0.06,0.0,0.009299537091628679
0.76,0.06,0.0,0.00014814471554499683
0.78,0.06,0.0,-0.0024267255318717084
0.8,0.06,0.0,-0.0036546485241542685
0.8200000000000001,0.06,0.0,-0.003650606376992723
0.8400000000000001,0.06,0.0,-0.0035820729195368967
0.86,0.06,0.0,-0.002083526411062365
0.88,0.06,0.0,0.0008266766049179326
0.9,0.06,0.0,0.002880528612560557
0.92,0.06,0.0,0.0029379599636167593
0.9400000000000001,0.06,0.0,0.0012064101960939282
0.9600000000000001,0.06,0.0,0.0011742775952554207
0.98,0.06,0.0,-8.535800282941756e-05
1.0,0.06,0.0,-0.0029504911410007622
1.02,0.06,0.0,-0.0016746361287278497
1.04,0.06,0.0,0.00012065956188717628
1.06,0.06,0.0,0.0028871993145810826
1.08,0.06,0.0,0.0037636710900910437
1.1,0.06,0.0,0.004084519777650076
1.12,0.06,0.0,0.001622671049809586
1.1400000000000001,0.06,0.0,-0.0006714818854545402
1.1600000000000001,0.06,0.0,-0.005291675759317378
1.18,0.06,0.0,-0.0069064121212736385
0.02,0.08,0.0,-0.0074830866498381814
0.04,0.08,0.0,0.0037801237606932413
0.06,0.08,0.0,-0.003956222748852054
0.08,0.08,0.0,-0.0002507185852400121
0.1,0.08,0.0,-0.005713088080765001
0.12000000000000001,0.08,0.0,-0.005238750893619891
0.13999999999999999,0.08,0.0,-0.002940580544698572
0.16,0.08,0.0,-0.011587597142514654
0.18,0.08,0.0,0.03156285783978559
0.19999999999999998,0.08,0.0,0.005698825789578989
0.22,0.08,0.0,0.00020854400933847722
0.24,0.08,0.0,-0.0028966180942930054
0.26,0.08,0.0,-0.006720877580643795
0.28,0.08,0.0,-0.004761626265362003
0.30000000000000004,0.08,0.0,-0.0007964709286976922
0.32,0.08,0.0,0.04422802332681523
0.34,0.08,0.0,0.009712789863628852
0.36000000000000004,0.08,0.0,0.012824402061100306
0.38,0.08,0.0,-0.005566554206979088
0.4,0.08,0.0,-0.015566143171793067
0.42000000000000004,0.08,0.0,0.008453832159002802
0.44,0.08,0.0,0.02216186292451248
0.46,0.08,0.0,0.05701000452335957
0.48000000000000004,0.08,0.0,-0.019318031443081824
0.5,0.08,0.0,0.0037811375752634384
0.52,0.08,0.0,0.009134934553388558
0.54,0.08,0.0,0.031009524395711415
0.56,0.08,0.0,-0.004970174680484752
0.5800000000000001,0.08,0.0,-0.005001342393777336
0.6,0.08,0.0,0.027035413491183494
0.62,0.08,0.0,0.0018835946420889703
0.64,0.08,0.0,0.004363477077477956
0.66,0.08,0.0,0.005236171751029858
0.68,0.08,0.0,0.007457433563315115
0.7000000000000001,0.08,0.0,0.0027573343322602325
0.7200000000000001,0.08,0.0,0.0037315905856531596
0.74,0.08,0.0,0.0016641002933076902
0.76,0.08,0.0,0.001176857986249901
0.78,0.08,0.0,-0.0004701463159982055
0.8,0.08,0.0,-0.003279655764741196
0.8200000000000001,0.08,0.0,-0.001334743818305713
0.8400000000000001,0.08,0.0,0.0008838464326198258
0.86,0.08,0.0,0.0022824760044062127
0.88,0.08,0.0,0.0034206008110909997
0.9,0.08,0.0,0.0012718703638066795
0.92,0.08,0.0,0.00030691668307991003
0.9400000000000001,0.08,0.0,-0.003910834986851512
0.9600000000000001,0.08,0.0,-0.0025303375670566123
0.98,0.08,0.0,-0.0005379930566073157
1.0,0.08,0.0,0.00046270953352763684
1.02,0.08,0.0,0.0021767811069140987
1.04,0.08,0.0,0.0016756921701477747
1.06,0.08,0.0,0.0014162188535293105
1.08,0.08,0.0,-0.0013247168941104127
1.1,0.08,0.0,-0.0045208240155354025
1.12,0.08,0.0,-0.006459409974652406
1.1400000000000001,0.08,0.0,-0.00670368259851251
1.1600000000000001,0.08,0.0,-0.005266142782695796
1.18,0.08,0.0,-0.0010034040784177823
0.02,0.1,0.0,0.034544702303371554
0.04,0.1,0.0,0.014309436645957197
0.06,0.1,0.0,-0.0043775277703591384
0.08,0.1,0.0,0.0064527964232154855
0.1,0.1,0.0,-0.0032222014160783645
0.12000000000000001,0.1,0.0,0.003082828300682913
0.13999999999999999,0.1,0.0,-0.0057332646290913945
0.16,0.1,0.0,0.0009578381886499803
0.18,0.1,0.0,-0.013722782147104316
0.19999999999999998,0.1,0.0,0.027198633679292504
0.22,0.1,0.0,0.0028921913395067345
0.24,0.1,0.0,-0.0015513833881776408
0.26,0.1,0.0,-0.005657446700016512
0.28,0.1,0.0,0.03199829970786337
0.30000000000000004,0.1,0.0,0.02421252808784291
0.32,0.1,0.0,0.02804429469756126
0.34,0.1,0.0,0.027371974260899892
0.36000000000000004,0.1,0.0,-0.006571936315532604
0.38,0.1,0.0,0.0014335789290904767
0.4,0.1,0.0,-0.01064545745893115
0.42000000000000004,0.1,0.0,0.008461338615386314
0.44,0.1,0.0,0.020581434106264444
0.46,0.1,0.0,0.04404351163672953
0.48000000000000004,0.1,0.0,0.01114028738232765
0.5,0.1,0.0,-0.008541509122146566
0.52,0.1,0.0,-0.005383196031846301
0.54,0.1,0.0,0.022220425945599663
0.56,0.1,0.0,0.012524687093358973
0.5800000000000001,0.1,0.0,0.025050618227612724
0.6,0.1,0.0,-0.004695257520963241
0.62,0.1,0.0,-0.0016310325857484364
0.64,0.1,0.0,0.0030583472465108494
0.66,0.1,0.0,0.01803772492523264
0.68,0.1,0.0,-0.0031998402094392687
0.7000000000000001,0.1,0.0,0.00018419210988268397
0.7200000000000001,0.1,0.0,0.0006672336197130974
0.74,0.1,0.0,-0.0007559587941783733
0.76,0.1,0.0,-0.0008308266637718389
0.78,0.1,0.0,0.00017728964943194
0.8,0.1,0.0,-0.000105591845912528
0.8200000000000001,0.1,0.0,0.0014879556570137715
0.8400000000000001,0.1,0.0,-0.0001312521853823644
0.86,0.1,0.0,-0.0023017955095548425
0.88,0.1,0.0,-0.002835705152322183
0.9,0.1,0.0,-0.002870679177328412
0.92,0.1,0.0,-0.0015824920234742113
0.9400000000000001,0.1,0.0,-0.0013828987635939832
0.9600000000000001,0.1,0.0,0.0019407254467637106
0.98,0.1,0.0,0.0036112009933451884
1.0,0.1,0.0,0.002925271411923542
1.02,0.1,0.0,0.0019154714130882914
1.04,0.1,0.0,-0.0018688849928169577
1.06,0.1,0.0,-0.004089915184824095
1.08,0.1,0.0,-0.005339924948480704
1.1,0.1,0.0,-0.003185530516060147
1.12,0.1,0.0,-0.0006612582984220786
1.1400000000000001,0.1,0.0,0.007436554326668647
1.1600000000000001,0.1,0.0,0.016462471309827382
1.18,0.1,0.0,0.025165109721995895
0.02,0.12000000000000001,0.0,-0.0046117839476308604
0.04,0.12000000000000001,0.0,-0.004059162598568212
0.06,0.12000000000000001,0.0,0.02450670270559736
0.08,0.12000000000000001,0.0,0.009174575061419596
0.1,0.12000000000000001,0.0,0.0030948302391755654
0.12000000000000001,0.12000000000000001,0.0,0.006267681422036087
0.13999999999999999,0.12000000000000001,0.0,0.0010497544444737252
0.16,0.12000000000000001,0.0,0.0014382737626637086
0.18,0.12000000000000001,0.0,-0.003152538514450665
0.19999999999999998,0.12000000000000001,0.0,-0.011335233309717663
0.22,0.12000000000000001,0.0,0.020961310346305474
0.24,0.12000000000000001,0.0,0.008659115750120223
0.26,0.12000000000000001,0.0,-0.008279554200891963
0.28,0.12000000000000001,0.0,-3.909583073492058e-05
0.30000000000000004,0.12000000000000001,0.0,0.014872773188816286
0.32,0.12000000000000001,0.0,-7.752332575291458e-05
0.34,0.12000000000000001,0.0,0.02250390813894918
0.36000000000000004,0.12000000000000001,0.0,0.020808673689486516
0.38,0.12000000000000001,0.0,0.007301883577416246
0.4,0.12000000000000001,0.0,0.0008052258604284504
0.42000000000000004,0.12000000000000001,0.0,-0.004568483678524691
0.44,0.12000000000000001,0.0,0.02343069495559061
0.46,0.12000000000000001,0.0,0.025033094536792568
0.48000000000000004,0.12000000000000001,0.0,0.022606844818999088
0.5,0.12000000000000001,0.0,0.009958506735238062
0.52,0.12000000000000001,0.0,0.02871700465743249
0.54,0.12000000000000001,0.0,-0.0032778688511894386
0.56,0.12000000000000001,0.0,-0.006587555382766351
0.5800000000000001,0.12000000000000001,0.0,0.014381356564419332
0.6,0.12000000000000001,0.0,0.005548109378835521
0.62,0.12000000000000001,0.0,0.006123223443162953
0.64,0.12000000000000001,0.0,0.029439186227597204
0.66,0.12000000000000001,0.0,-0.0033973756687324863
0.68,0.12000000000000001,0.0,0.0010368591568793635
0.7000000000000001,0.12000000000000001,0.0,-0.0021837953283540303
0.7200000000000001,0.12000000000000001,0.0,0.0004138338076865301
0.74,0.12000000000000001,0.0,0.0023190721785648905
0.76,0.12000000000000001,0.0,0.0024163703423807185
0.78,0.12000000000000001,0.0,0.0017772684292993968
0.8,0.12000000000000001,0.0,0.00013984066522378498
0.8200000000000001,0.12000000000000001,0.0,-0.003746517968098484
0.8400000000000001,0.12000000000000001,0.0,-0.00433414515350996
0.86,0.12000000000000001,0.0,-0.0026417109565169557
0.88,0.12000000000000001,0.0,0.001669067976652634
0.9,0.12000000000000001,0.0,0.004836518506214931
0.92,0.12000000000000001,0.0,0.006546520338601357
0.9400000000000001,0.12000000000000001,0.0,0.003118265219981602
0.9600000000000001,0.12000000000000001,0.0,0.0013764671564454416
0.98,0.12000000000000001,0.0,-0.0034631059787951805
1.0,0.12000000000000001,0.0,-0.007227007673247484
1.02,0.12000000000000001,0.0,-0.009091215802919337
1.04,0.12000000000000001,0.0,-0.00586137715757922
1.06,0.12000000000000001,0.0,0.000754242615119524
1.08,0.12000000000000001,0.0,0.008443184921016464
1.1,0.12000000000000001,0.0,0.01780229949358697
1.12,0.12000000000000001,0.0,0.022264981415573842
1.1400000000000001,0.12000000000000001,0.0,0.026114017540517235
1.1600000000000001,0.12000000000000001,0.0,0.029730397248496892
1.18,0.12000000000000001,0.0,0.029475343226413896
0.02,0.13999999999999999,0.0,-0.00042192481734142095
0.04,0.13999999999999999,0.0,0.0012077641917204126
0.06,0.13999999999999999,0.0,-0.0036681836283267407
0.08,0.13999999999999999,0.0,-0.004893082181774505
0.1,0.13999999999999999,0.0,0.02628069855026719
0.12000000000000001,0.13999999999999999,0.0,0.007479496698001852
0.13999999999999999,0.13999999999999999,0.0,-0.00869443969845624
0.16,0.13999999999999999,0.0,0.0023243205618193223
0.18,0.13999999999999999,0.0,-0.00787841875972641
0.19999999999999998,0.13999999999999999,0.0,0.002406124696903252
0.22,0.13999999999999999,0.0,-0.007391491845350123
0.24,0.13999999999999999,0.0,0.021651565005007357
0.26,0.13999999999999999,0.0,0.010701368638036831
0.28,0.13999999999999999,0.0,-0.005363132016429292
0.30000000000000004,0.13999999999999999,0.0,-0.0036900019060676775
0.32,0.13999999999999999,0.0,0.025293330133467032
0.34,0.13999999999999999,0.0,0.03204916607931291
0.36000000000000004,0.13999999999999999,0.0,0.03243479179715141
0.38,0.13999999999999999,0.0,0.0029634166028894796
0.4,0.13999999999999999,0.0,0.022984005745791264
0.42000000000000004,0.13999999999999999,0.0,-0.003165906561282083
0.44,0.13999999999999999,0.0,0.010050674171611276
0.46,0.13999999999999999,0.0,0.016076500205830856
0.48000000000000004,0.13999999999999999,0.0,-0.0003046441324312324
0.5,0.13999999999999999,0.0,-0.004086446106777759
0.52,0.13999999999999999,0.0,0.0106302813156669
0.54,0.13999999999999999,0.0,0.003167347041954383
0.56,0.13999999999999999,0.0,0.035461132242039214
0.5800000000000001,0.13999999999999999,0.0,-0.0014212551057599745
0.6,0.13999999999999999,0.0,-0.0013569931797386542
0.62,0.13999999999999999,0.0,0.03034712607700701
0.64,0.13999999999999999,0.0,0.0008027115013292865
0.66,0.13999999999999999,0.0,0.009573015156764378
0.68,0.13999999999999999,0.0,-0.003989205148987023
0.7000000000000001,0.13999999999999999,0.0,0.000857808101535004
0.7200000000000001,0.13999999999999999,0.0,0.000583574771032667
0.74,0.13999999999999999,0.0,-0.0010300824878901051
0.76,0.13999999999999999,0.0,-0.0029971351209697535
0.78,0.13999999999999999,0.0,-0.005786813784682805
0.8,0.13999999999999999,0.0,-0.004548898163323302
0.8200000000000001,0.13999999999999999,0.0,-0.0004904725701024887
0.8400000000000001,0.13999999999999999,0.0,0.002628669408639632
0.86,0.13999999999999999,0.0,0.0039518264841811425
0.88,0.13999999999999999,0.0,0.0018036994814838454
0.9,0.13999999999999999,0.0,0.001203640285107831
0.92,0.13999999999999999,0.0,-0.00268535163345856
0.9400000000000001,0.13999999999999999,0.0,-0.00543187443400492
0.9600000000000001,0.13999999999999999,0.0,-0.005347143569809325
0.98,0.13999999999999999,0.0,-0.0024801690789213295
1.0,0.13999999999999999,0.0,0.0016041943713786975
1.02,0.13999999999999999,0.0,0.007798162056694512
1.04,0.13999999999999999,0.0,0.01596386339315855
1.06,0.13999999999999999,0.0,0.023853259008508022
1.08,0.13999999999999999,0.0,0.030309251194372968
1.1,0.13999999999999999,0.0,0.03252703575673769
1.12,0.13999999999999999,0.0,0.030247284917718064
1.1400000000000001,0.13999999999999999,0.0,0.026226015366578585
1.1600000000000001,0.13999999999999999,0.0,0.019967441235363162
1.18,0.13999999999999999,0.0,0.013046066361760606
0.02,0.16,0.0,0.005150214903438339
0.04,0.16,0.0,0.008074379967904772
0.06,0.16,0.0,0.00418654845421462
0.08,0.16,0.0,0.0049213821388755285
0.1,0.16,0.0,0.0039019908888375436
0.12000000000000001,0.16,0.0,-0.001716043692915126
0.13999999999999999,0.16,0.0,0.029841922646771844
0.16,0.16,0.0,0.002718797965671221
0.18,0.16,0.0,0.0008793066784091799
0.19999999999999998,0.16,0.0,-0.003193878701673999
0.22,0.16,0.0,0.0049337287217950014
0.24,0.16,0.0,-0.010822994866377595
0.26,0.16,0.0,0.027636564712338895
0.28,0.16,0.0,0.012677829542191316
0.30000000000000004,0.16,0.0,-0.003642793966841664
0.32,0.16,0.0,0.014015152598213993
0.34,0.16,0.0,0.006844704336070399
0.36000000000000004,0.16,0.0,0.03316786114071443
0.38,0.16,0.0,-0.009319684844621465
0.4,0.16,0.0,0.03138454392941092
0.42000000000000004,0.16,0.0,0.0015882476973698321
0.44,0.16,0.0,0.0064164356128360136
0.46,0.16,0.0,0.016250492353388747
0.48000000000000004,0.16,0.0,0.012859846611925978
0.5,0.16,0.0,0.03280148495412938
0.52,0.16,0.0,0.0038320552235643316
0.54,0.16,0.0,0.016563522750265455
0.56,0.16,0.0,-0.01065167238831611
0.5800000000000001,0.16,0.0,-0.01031705857264908
0.6,0.16,0.0,0.025252498014531995
0.62,0.16,0.0,0.006175393004793709
0.64,0.16,0.0,0.024657102537371755
0.66,0.16,0.0,-0.007629858557793677
0.68,0.16,0.0,-0.0045402597089041555
0.7000000000000001,0.16,0.0,-0.0022162593137572888
0.7200000000000001,0.16,0.0,-0.0011103840544186006
0.74,0.16,0.0,-0.0011801938212902814
0.76,0.16,0.0,0.0003947761052824093
0.78,0.16,0.0,0.0013520025996251192
0.8,0.16,0.0,0.0025771235940972585
0.8200000000000001,0.16,0.0,0.0037595802773170376
0.8400000000000001,0.16,0.0,0.0033790077636351675
0.86,0.16,0.0,0.00033638555236729196
0.88,0.16,0.0,-0.0024821826557088
0.9,0.16,0.0,-0.0059162738074849475
0.92,0.16,0.0,-0.003492554919889668
0.9400000000000001,0.16,0.0,0.0015205027151540486
0.9600000000000001,0.16,0.0,0.010546124150054879
0.98,0.16,0.0,0.02045270836303241
1.0,0.16,0.0,0.026106659670296916
1.02,0.16,0.0,0.03148053533508242
1.04,0.16,0.0,0.03070212834656278
1.06,0.16,0.0,0.026975069574629394
1.08,0.16,0.0,0.021410598960007753
1.1,0.16,0.0,0.014640974727167431
1.12,0.16,0.0,0.006416108222902131
1.1400000000000001,0.16,0.0,-0.0009753252372340495
1.1600000000000001,0.16,0.0,-0.004214343327079629
1.18,0.16,0.0,-0.0056242616938872916
0.02,0.18,0.0,-0.009762660001789146
0.04,0.18,0.0,-0.008901973906523265
0.06,0.18,0.0,-0.009099672728604038
0.08,0.18,0.0,0.0036371107222935013
0.1,0.18,0.0,0.0016419625958707085
0.12000000000000001,0.18,0.0,0.0031587308857629003
0.13999999999999999,0.18,0.0,0.0019116544786191797
0.16,0.18,0.0,-0.0006642832589519876
0.18,0.18,0.0,0.027841716988129796
0.19999999999999998,0.18,0.0,-0.0026972827707265018
0.22,0.18,0.0,-0.004076278887553394
0.24,0.18,0.0,-0.005722655173785431
0.26,0.18,0.0,-0.009570030893898246
0.28,0.18,0.0,0.02278667010542193
0.30000000000000004,0.18,0.0,0.01074565809814603
0.32,0.18,0.0,0.013630323271704454
0.34,0.18,0.0,0.023690236769199978
0.36000000000000004,0.18,0.0,0.035241755123558795
0.38,0.18,0.0,0.03470318379067634
0.4,0.18,0.0,0.008146505981334344
0.42000000000000004,0.18,0.0,0.008403210546368766
0.44,0.18,0.0,0.018986459113687147
0.46,0.18,0.0,0.04684041700687247
0.48000000000000004,0.18,0.0,0.009553301073566984
0.5,0.18,0.0,0.011431865094235617
0.52,0.18,0.0,0.00027645969821767763
0.54,0.18,0.0,0.014027865185154474
0.56,0.18,0.0,-0.0026625275757508186
0.5800000000000001,0.18,0.0,0.017846133583640993
0.6,0.18,0.0,0.004731107119691161
0.62,0.18,0.0,0.037459748411115164
0.64,0.18,0.0,6.425302691856618e-05
0.66,0.18,0.0,-0.0009716218951948976
0.68,0.18,0.0,-0.0027548309235507916
0.7000000000000001,0.18,0.0,-0.0018529510931887955
0.7200000000000001,0.18,0.0,0.0005624097908014215
0.74,0.18,0.0,0.0014951260286264717
0.76,0.18,0.0,0.0019218024996596294
0.78,0.18,0.0,-0.0009712743226851443
0.8,0.18,0.0,-0.005808291741298127
0.8200000000000001,0.18,0.0,-0.008203523875409667
0.8400000000000001,0.18,0.0,-0.00844289903553223
0.86,0.18,0.0,-0.003467740680680552
0.88,0.18,0.0,0.003699275325021043
0.9,0.18,0.0,0.011522762340664577
0.92,0.18,0.0,0.020506311188173164
0.9400000000000001,0.18,0.0,0.0269298589675819
0.9600000000000001,0.18,0.0,0.029707553581252415
0.98,0.18,0.0,0.028406694575275174
1.0,0.18,0.0,0.023503691019596786
1.02,0.18,0.0,0.015140661211176557
1.04,0.18,0.0,0.008215218142291274
1.06,0.18,0.0,0.0020464844396820277
1.08,0.18,0.0,-0.002956716224869201
1.1,0.18,0.0,-0.006401884836686717
1.12,0.18,0.0,-0.008167941663258302
1.1400000000000001,0.18,0.0,-0.010709474907263997
1.1600000000000001,0.18,0.0,-0.009526516462951067
1.18,0.18,0.0,-0.005838146492278383
0.02,0.19999999999999998,0.0,0.0003146538412295369
0.04,0.19999999999999998,0.0,-0.0040313670916291055
0.06,0.19999999999999998,0.0,-0.00717186634546958
0.08,0.19999999999999998,0.0,-0.004858747639365454
0.1,0.19999999999999998,0.0,-0.0037241784855317098
0.12000000000000001,0.19999999999999998,0.0,-0.001500195547481866
0.13999999999999999,0.19999999999999998,0.0,-0.0017628773835690892
0.16,0.19999999999999998,0.0,0.00216377219627872
0.18,0.19999999999999998,0.0,0.0006851144273113147
0.19999999999999998,0.19999999999999998,0.0,0.007586544110704668
0.22,0.19999999999999998,0.0,0.0355727502713096
0.24,0.19999999999999998,0.0,-0.002938934251167947
0.26,0.19999999999999998,0.0,0.001926599970116357
0.28,0.19999999999999998,0.0,-0.018476329383015182
0.30000000000000004,0.19999999999999998,0.0,0.0250069989362009
0.32,0.19999999999999998,0.0,0.008073657162307568
0.34,0.19999999999999998,0.0,-0.017243326731023943
0.36000000000000004,0.19999999999999998,0.0,0.012541735382360659
0.38,0.19999999999999998,0.0,0.05910603072652276
0.4,0.19999999999999998,0.0,-0.005823173576818167
0.42000000000000004,0.19999999999999998,0.0,0.023271264916803373
0.44,0.19999999999999998,0.0,0.04834457735413125
0.46,0.19999999999999998,0.0,0.0022459385322661854
0.48000000000000004,0.19999999999999998,0.0,0.04182377291378498
0.5,0.19999999999999998,0.0,-0.009107041562815645
0.52,0.19999999999999998,0.0,0.027320427854002773
0.54,0.19999999999999998,0.0,-0.005470908739626048
0.56,0.19999999999999998,0.0,0.0005736855813550939
0.5800000000000001,0.19999999999999998,0.0,-0.00996771337416733
0.6,0.19999999999999998,0.0,0.018473436410953004
0.62,0.19999999999999998,0.0,-0.004669216599589966
0.64,0.19999999999999998,0.0,-0.005001952572481892
0.66,0.19999999999999998,0.0,-0.002848516862325859
0.68,0.19999999999999998,0.0,-0.0018832207242430437
0.7000000000000001,0.19999999999999998,0.0,-0.0015465887288614829
0.7200000000000001,0.19999999999999998,0.0,-0.001883533680750604
0.74,0.19999999999999998,0.0,-0.004912170381633364
0.76,0.19999999999999998,0.0,-0.007949702616826088
0.78,0.19999999999999998,0.0,-0.007074374915846832
0.8,0.19999999999999998,0.0,-0.00015224970892956026
0.8200000000000001,0.19999999999999998,0.0,0.00966536371562475
0.8400000000000001,0.19999999999999998,0.0,0.018414628239078436
0.86,0.19999999999999998,0.0,0.025598501191208038
0.88,0.19999999999999998,0.0,0.03073328562511292
0.9,0.19999999999999998,0.0,0.03157058237386281
0.92,0.19999999999999998,0.0,0.028647945861562166
0.9400000000000001,0.19999999999999998,0.0,0.02334332822894981
0.9600000000000001,0.19999999999999998,0.0,0.014784952962521473
0.98,0.19999999999999998,0.0,0.008163306406803145
1.0,0.19999999999999998,0.0,0.00020224089168481622
1.02,0.19999999999999998,0.0,-0.004686614193360891
1.04,0.19999999999999998,0.0,-0.005839860733978457
1.06,0.19999999999999998,0.0,-0.004089763331920237
1.08,0.19999999999999998,0.0,-0.0006865457877274445
1.1,0.19999999999999998,0.0,0.003685091937248024
1.12,0.19999999999999998,0.0,0.0059313436128325325
1.1400000000000001,0.19999999999999998,0.0,0.0067542743131679
1.1600000000000001,0.19999999999999998,0.0,0.00825235707519971
1.18,0.19999999999999998,0.0,0.008065523737011977
0.02,0.22,0.0,0.026747613009900684
0.04,0.22,0.0,0.01948700681352248
0.06,0.22,0.0,0.011889857095874807
0.08,0.22,0.0,0.007431130777295129
0.1,0.22,0.0,-0.0009722756519116736
0.12000000000000001,0.22,0.0,-0.0009573017525957011
0.13999999999999999,0.22,0.0,-0.005614952228384153
0.16,0.22,0.0,-0.0055649217496553825
0.18,0.22,0.0,-0.003103415229588707
0.19999999999999998,0.22,0.0,-0.0016952195085080635
0.22,0.22,0.0,0.007385316116209125
0.24,0.22,0.0,0.007565890903204
0.26,0.22,0.0,0.041509065538386354
0.28,0.22,0.0,0.0001467411342982157
0.30000000000000004,0.22,0.0,0.008184344286986077
0.32,0.22,0.0,0.030424855497332003
0.34,0.22,0.0,0.012642765390072926
0.36000000000000004,0.22,0.0,0.03936333842971911
0.38,0.22,0.0,0.02995695652794527
0.4,0.22,0.0,-0.008280713614368142
0.42000000000000004,0.22,0.0,0.035680187433291516
0.44,0.22,0.0,0.05555665934940521
0.46,0.22,0.0,-0.004607797521031076
0.48000000000000004,0.22,0.0,0.00013627172665398686
0.5,0.22,0.0,0.032211534533317945
0.52,0.22,0.0,-0.006225624292488841
0.54,0.22,0.0,-0.006852495564723785
0.56,0.22,0.0,0.008451175743051305
0.5800000000000001,0.22,0.0,0.005357854176642293
0.6,0.22,0.0,0.009999650157825496
0.62,0.22,0.0,0.008870889311245687
0.64,0.22,0.0,0.00515963916161665
0.66,0.22,0.0,-0.000527516943597718
0.68,0.22,0.0,-0.0061386320795336685
0.7000000000000001,0.22,0.0,-0.007286150234820804
0.7200000000000001,0.22,0.0,-0.0018403594755738194
0.74,0.22,0.0,0.007918630880884008
0.76,0.22,0.0,0.01872775542516437
0.78,0.22,0.0,0.02670252219836877
0.8,0.22,0.0,0.03354449326073745
0.8200000000000001,0.22,0.0,0.03536087089391649
0.8400000000000001,0.22,0.0,0.028857269315047455
0.86,0.22,0.0,0.0230718693283054
0.88,0.22,0.0,0.014654284170929835
0.9,0.22,0.0,0.008428784174355311
0.92,0.22,0.0,0.0033379229838262246
0.9400000000000001,0.22,0.0,0.00015974697607357618
0.9600000000000001,0.22,0.0,-0.0021128136749580875
0.98,0.22,0.0,-0.0017901451900574274
1.0,0.22,0.0,-0.0014550174271615074
1.02,0.22,0.0,-0.0003679542699994543
1.04,0.22,0.0,0.0016446966350114416
1.06,0.22,0.0,0.002885254294926091
1.08,0.22,0.0,0.004065466222388149
1.1,0.22,0.0,0.001726932862021784
1.12,0.22,0.0,0.001367208729869751
1.1400000000000001,0.22,0.0,0.00011991947718290562
1.1600000000000001,0.22,0.0,-0.000636561264688443
1.18,0.22,0.0,0.00032390138842139295
0.02,0.24,0.0,0.02333908721909758
0.04,0.24,0.0,0.024619219472349744
0.06,0.24,0.0,0.030380630352807286
0.08,0.24,0.0,0.027592308152832597
0.1,0.24,0.0,0.02288605705634662
0.12000000000000001,0.24,0.0,0.025261607564240302
0.13999999999999999,0.24,0.0,0.016550742763626773
0.16,0.24,0.0,0.010121902151338947
0.18,0.24,0.0,0.0018464548420298926
0.19999999999999998,0.24,0.0,-0.002366683795823474
0.22,0.24,0.0,-0.008869258716875451
0.24,0.24,0.0,-0.0053445229593406425
0.26,0.24,0.0,-0.011400554739932144
0.28,0.24,0.0,0.010784732206459497
0.30000000000000004,0.24,0.0,0.015688632273405157
0.32,0.24,0.0,-0.00785038551504941
0.34,0.24,0.0,0.04044941059153257
0.36000000000000004,0.24,0.0,0.020432887743864096
0.38,0.24,0.0,0.041236575921096225
0.4,0.24,0.0,0.05188616644591326
0.42000000000000004,0.24,0.0,0.05597734373536747
0.44,0.24,0.0,0.040658735547652085
0.46,0.24,0.0,0.03754211255348889
0.48000000000000004,0.24,0.0,0.014978173027550175
0.5,0.24,0.0,0.012002527606591444
0.52,0.24,0.0,-0.006817511543385263
0.54,0.24,0.0,0.035104778272055194
0.56,0.24,0.0,-0.004407670815018402
0.5800000000000001,0.24,0.0,-0.0033534644925089815
0.6,0.24,0.0,-0.0056228305843076835
0.62,0.24,0.0,-0.007852113180136374
0.64,0.24,0.0,-0.006640217932265633
0.66,0.24,0.0,-0.0014334786016350822
0.68,0.24,0.0,0.006983851465498259
0.7000000000000001,0.24,0.0,0.01729190051110161
0.7200000000000001,0.24,0.0,0.025388582926552532
0.74,0.24,0.0,0.027724562528029684
0.76,0.24,0.0,0.0267249790741923
0.78,0.24,0.0,0.022387967197618125
0.8,0.24,0.0,0.014373886316098549
0.8200000000000001,0.24,0.0,0.006015199052887284
0.8400000000000001,0.24,0.0,-0.00208324240613353
0.86,0.24,0.0,-0.007369198439343655
0.88,0.24,0.0,-0.009628130465275839
0.9,0.24,0.0,-0.010307301592300352
0.92,0.24,0.0,-0.008148041973776523
0.9400000000000001,0.24,0.0,-0.006849347906343701
0.9600000000000001,0.24,0.0,-0.0032536314950551534
0.98,0.24,0.0,-0.0012127185987220429
1.0,0.24,0.0,0.0009626206182605876
1.02,0.24,0.0,0.0026968333906830155
1.04,0.24,0.0,0.0035446422536878006
1.06,0.24,0.0,0.003374319362393831
1.08,0.24,0.0,0.001616309336105311
1.1,0.24,0.0,-0.0026690161112635337
1.12,0.24,0.0,-0.006058050343571466
1.1400000000000001,0.24,0.0,-0.008916283194407234
1.1600000000000001,0.24,0.0,-0.01226361535415629
1.18,0.24,0.0,-0.012986055149640054
0.02,0.26,0.0,0.0016228832390499475
0.04,0.26,0.0,0.007106087035350806
0.06,0.26,0.0,0.01583503178462856
0.08,0.26,0.0,0.024228144994818554
0.1,0.26,0.0,0.02817998356102348
0.12000000000000001,0.26,0.0,0.0317253573709509
0.13999999999999999,0.26,0.0,0.033967858977685096
0.16,0.26,0.0,0.03089804252297429
0.18,0.26,0.0,0.02613566380522164
0.19999999999999998,0.26,0.0,0.01968009435790693
0.22,0.26,0.0,0.01263213604493893
0.24,0.26,0.0,0.007321041983537275
0.26,0.26,0.0,-0.0005080191356556386
0.28,0.26,0.0,0.0008022099260117206
0.30000000000000004,0.26,0.0,-0.0047665250262409935
0.32,0.26,0.0,0.02027858640598813
0.34,0.26,0.0,0.000312501113431726
0.36000000000000004,0.26,0.0,0.051355419031090734
0.38,0.26,0.0,0.001224516086586989
0.4,0.26,0.0,0.0786658113099557
0.42000000000000004,0.26,0.0,0.07597853317594355
0.44,0.26,0.0,0.05133557734116407
0.46,0.26,0.0,0.004604739207262564
0.48000000000000004,0.26,0.0,0.030136785557314725
0.5,0.26,0.0,0.007333721294407729
0.52,0.26,0.0,0.0074132603005091155
0.54,0.26,0.0,-0.00688306765928381
0.56,0.26,0.0,-0.008907680713437876
0.5800000000000001,0.26,0.0,-6.784422020525676e-05
0.6,0.26,0.0,0.012923866011855766
0.62,0.26,0.0,0.024574613889622468
0.64,0.26,0.0,0.03142208131398658
0.66,0.26,0.0,0.031784566720891874
0.68,0.26,0.0,0.027192627792510304
0.7000000000000001,0.26,0.0,0.021559464531935506
0.7200000000000001,0.26,0.0,0.015986245162130347
0.74,0.26,0.0,0.008615910657182865
0.76,0.26,0.0,0.0012836611086865055
0.78,0.26,0.0,-0.002860166639135547
0.8,0.26,0.0,-0.0035125222512269027
0.8200000000000001,0.26,0.0,-0.0025014989486112863
0.8400000000000001,0.26,0.0,-0.00030648258333936386
0.86,0.26,0.0,0.0004905552030026606
0.88,0.26,0.0,0.003454659047009696
0.9,0.26,0.0,0.003443306405158341
0.92,0.26,0.0,0.0003039380555081568
0.9400000000000001,0.26,0.0,-0.004682076550036777
0.9600000000000001,0.26,0.0,-0.007066422746354432
0.98,0.26,0.0,-0.010630928911392067
1.0,0.26,0.0,-0.010699541222036583
1.02,0.26,0.0,-0.00972550733700404
1.04,0.26,0.0,-0.006782134758764329
1.06,0.26,0.0,-0.002293048233289121
1.08,0.26,0.0,0.002186003768747433
1.1,0.26,0.0,0.006539912325345991
1.12,0.26,0.0,0.012109637596579034
1.1400000000000001,0.26,0.0,0.015804740126714793
1.1600000000000001,0.26,0.0,0.019298688834847
1.18,0.26,0.0,0.024014304948393732
0.02,0.28,0.0,-0.008031323107956827
0.04,0.28,0.0,-0.011162755800591912
0.06,0.28,0.0,-0.00982047801323169
0.08,0.28,0.0,-0.008997863408219406
0.1,0.28,0.0,-0.0052776456264255365
0.12000000000000001,0.28,0.0,0.0005261809626505453
0.13999999999999999,0.28,0.0,0.004106231185022758
0.16,0.28,0.0,0.011338924538329532
0.18,0.28,0.0,0.015526533869925585
0.19999999999999998,0.28,0.0,0.019347943471189424
0.22,0.28,0.0,0.019170174511129876
0.24,0.28,0.0,0.022606573631971428
0.26,0.28,0.0,0.01897523861780112
0.28,0.28,0.0,0.02286343262861709
0.30000000000000004,0.28,0.0,0.014682449972207058
0.32,0.28,0.0,0.02444723242335077
0.34,0.28,0.0,0.0009831142558794294
0.36000000000000004,0.28,0.0,0.0449288988668015
0.38,0.28,0.0,0.04782740705181174
0.4,0.28,0.0,0.0890586114818206
0.42000000000000004,0.28,0.0,0.14053371951867166
0.44,0.28,0.0,0.06697931852221164
0.46,0.28,0.0,0.019713563258440547
0.48000000000000004,0.28,0.0,0.019659919898097834
0.5,0.28,0.0,-0.01008278310125571
0.52,0.28,0.0,0.0068000127759373025
0.54,0.28,0.0,0.017843315232823797
0.56,0.28,0.0,0.02488490982498748
0.5800000000000001,0.28,0.0,0.02879543564973503
0.6,0.28,0.0,0.028511042087224357
0.62,0.28,0.0,0.024087446836195438
0.64,0.28,0.0,0.016878671688460422
0.66,0.28,0.0,0.008403533308943821
0.68,0.28,0.0,0.00037293318055626426
0.7000000000000001,0.28,0.0,-0.005219908006943377
0.7200000000000001,0.28,0.0,-0.007190087133122045
0.74,0.28,0.0,-0.005277924354708613
0.76,0.28,0.0,-0.00040342090961492975
0.78,0.28,0.0,0.006120352189676302
0.8,0.28,0.0,0.015898943722792862
0.8200000000000001,0.28,0.0,0.026037911468243066
0.8400000000000001,0.28,0.0,0.032737957234756684
0.86,0.28,0.0,0.03756520839326676
0.88,0.28,0.0,0.04164718827727198
0.9,0.28,0.0,0.0436818672643186
0.92,0.28,0.0,0.0470551234419291
0.9400000000000001,0.28,0.0,0.04818034740759982
0.9600000000000001,0.28,0.0,0.05090050205704167
0.98,0.28,0.0,0.05351309649646596
1.0,0.28,0.0,0.05592472670910916
1.02,0.28,0.0,0.05799978031153303
1.04,0.28,0.0,0.05744501621425549
1.06,0.28,0.0,0.055018978128472874
1.08,0.28,0.0,0.0511102073000632
1.1,0.28,0.0,0.04529675392289844
1.12,0.28,0.0,0.038377042692556144
1.1400000000000001,0.28,0.0,0.032408135089859465
1.1600000000000001,0.28,0.0,0.026205118424072072
1.18,0.28,0.0,0.021430539343273162
0.02,0.30000000000000004,0.0,0.061995954742589544
0.04,0.30000000000000004,0.0,0.0696885806249737
0.06,0.30000000000000004,0.0,0.0710997408850818
0.08,0.30000000000000004,0.0,0.07291524418553999
0.1,0.30000000000000004,0.0,0.07915768296810258
0.12000000000000001,0.30000000000000004,0.0,0.07720152848668457
0.13999999999999999,0.30000000000000004,0.0,0.07274383835506885
0.16,0.30000000000000004,0.0,0.0744187662644043
0.18,0.30000000000000004,0.0,0.06909814676556601
0.19999999999999998,0.30000000000000004,0.0,0.06516245376741109
0.22,0.30000000000000004,0.0,0.0637830029688228
0.24,0.30000000000000004,0.0,0.06075571469468245
0.26,0.30000000000000004,0.0,0.05972868018161874
0.28,0.30000000000000004,0.0,0.05668174071541606
0.30000000000000004,0.30000000000000004,0.0,0.05277705632782067
0.32,0.30000000000000004,0.0,0.047119671581985746
0.34,0.30000000000000004,0.0,0.04429135856860485
0.36000000000000004,0.30000000000000004,0.0,0.03824316496848692
0.38,0.30000000000000004,0.0,0.033857077406494726
0.4,0.30000000000000004,0.0,0.09947816172495913
0.42000000000000004,0.30000000000000004,0.0,0.22952360399600208
0.44,0.30000000000000004,0.0,0.08503808710520579
0.46,0.30000000000000004,0.0,0.03885058068167121
0.48000000000000004,0.30000000000000004,0.0,0.039739351615197226
0.5,0.30000000000000004,0.0,0.033846634656604355
0.52,0.30000000000000004,0.0,0.03694476846279296
0.54,0.30000000000000004,0.0,0.043728929420810095
0.56,0.30000000000000004,0.0,0.04861337758276904
0.5800000000000001,0.30000000000000004,0.0,0.0510678922152023
0.6,0.30000000000000004,0.0,0.05244155788333325
0.62,0.30000000000000004,0.0,0.05406513671095111
0.64,0.30000000000000004,0.0,0.056487241327870176
0.66,0.30000000000000004,0.0,0.059329658475198416
0.68,0.30000000000000004,0.0,0.06092137568030044
0.7000000000000001,0.30000000000000004,0.0,0.05907729125171889
0.7200000000000001,0.30000000000000004,0.0,0.05403135905353679
0.74,0.30000000000000004,0.0,0.04962384441321763
0.76,0.30000000000000004,0.0,0.04612963417507748
0.78,0.30000000000000004,0.0,0.03789821919327238
0.8,0.30000000000000004,0.0,0.026112670885129027
0.8200000000000001,0.30000000000000004,0.0,0.014849112912660868
0.8400000000000001,0.30000000000000004,0.0,0.004603003242498464
0.86,0.30000000000000004,0.0,-0.003991519115469266
0.88,0.30000000000000004,0.0,-0.00952672884102016
0.9,0.30000000000000004,0.0,-0.01217492262014251
0.92,0.30000000000000004,0.0,-0.011519862480839017
0.9400000000000001,0.30000000000000004,0.0,-0.00859788400029741
0.9600000000000001,0.30000000000000004,0.0,-0.004390740910594894
0.98,0.30000000000000004,0.0,0.0015434620596165055
1.0,0.30000000000000004,0.0,0.0068400563858251225
1.02,0.30000000000000004,0.0,0.01338326424077797
1.04,0.30000000000000004,0.0,0.01816633565419868
1.06,0.30000000000000004,0.0,0.021185423067215207
1.08,0.30000000000000004,0.0,0.023797532873875416
1.1,0.30000000000000004,0.0,0.024067805953224285
1.12,0.30000000000000004,0.0,0.02145580470408562
1.1400000000000001,0.30000000000000004,0.0,0.018389382023143688
1.1600000000000001,0.30000000000000004,0.0,0.014989682938836122
1.18,0.30000000000000004,0.0,0.010036649792215907
0.02,0.32,0.0,0.016452559224991014
0.04,0.32,0.0,0.018755113186801408
0.06,0.32,0.0,0.019252596517207406
0.08,0.32,0.0,0.01807425968555727
0.1,0.32,0.0,0.021292452090601443
0.12000000000000001,0.32,0.0,0.023987651492414875
0.13999999999999999,0.32,0.0,0.017596279842804645
0.16,0.32,0.0,0.01980339269330934
0.18,0.32,0.0,0.020626698432503657
0.19999999999999998,0.32,0.0,0.015748289192744777
0.22,0.32,0.0,0.02262550978514763
0.24,0.32,0.0,0.024135919235420092
0.26,0.32,0.0,0.034138682503936306
0.28,0.32,0.0,0.0457711162127779
0.30000000000000004,0.32,0.0,0.06263501391876868
0.32,0.32,0.0,0.08146920624701864
0.34,0.32,0.0,0.10570862076699995
0.36000000000000004,0.32,0.0,0.12588239634118378
0.38,0.32,0.0,0.14554304117428035
0.4,0.32,0.0,0.14260543512729992
0.42000000000000004,0.32,0.0,0.691212303592686
0.44,0.32,0.0,0.13410526725939803
0.46,0.32,0.0,0.15519606823760562
0.48000000000000004,0.32,0.0,0.1405849403268209
0.5,0.32,0.0,0.11429280783558751
0.52,0.32,0.0,0.0956792453957176
0.54,0.32,0.0,0.08416775584937282
0.56,0.32,0.0,0.07411009421344468
0.5800000000000001,0.32,0.0,0.0636959022688339
0.6,0.32,0.0,0.053755525756844884
0.62,0.32,0.0,0.04533284530455243
0.64,0.32,0.0,0.03889687027755792
0.66,0.32,0.0,0.03405680412235131
0.68,0.32,0.0,0.02929159191054175
0.7000000000000001,0.32,0.0,0.022624175986528352
0.7200000000000001,0.32,0.0,0.014254678551662502
0.74,0.32,0.0,0.007332727442957223
0.76,0.32,0.0,0.002610235161435763
0.78,0.32,0.0,-0.001808371047989675
0.8,0.32,0.0,-0.0033265176108689086
0.8200000000000001,0.32,0.0,-0.0019558165497422534
0.8400000000000001,0.32,0.0,-0.0008700656758815766
0.86,0.32,0.0,-0.00011283609107981483
0.88,0.32,0.0,-0.00016429651513374493
0.9,0.32,0.0,0.00021775409668457334
0.92,0.32,0.0,-0.000875976356811174
0.9400000000000001,0.32,0.0,-0.002138270021823474
0.9600000000000001,0.32,0.0,-0.0034182811523302023
0.98,0.32,0.0,-0.003167333952723845
1.0,0.32,0.0,-0.003721085548019699
1.02,0.32,0.0,-0.0022025825753861244
1.04,0.32,0.0,-0.0005731026674020087
1.06,0.32,0.0,-0.00024288504933498751
1.08,0.32,0.0,0.0034193358511932946
1.1,0.32,0.0,0.004489062885336442
1.12,0.32,0.0,0.004511237421131941
1.1400000000000001,0.32,0.0,0.006634841646896437
1.1600000000000001,0.32,0.0,0.007715017621024066
1.18,0.32,0.0,0.007400843954686289
0.02,0.34,0.0,0.04815751323811471
0.04,0.34,0.0,0.0486823178300641
0.06,0.34,0.0,0.0480627711997081
0.08,0.34,0.0,0.05010911037088196
0.1,0.34,0.0,0.05395762706612793
0.12000000000000001,0.34,0.0,0.0551268775497171
0.13999999999999999,0.34,0.0,0.05994899419570029
0.16,0.34,0.0,0.06351661910418571
0.18,0.34,0.0,0.0639471593583207
0.19999999999999998,0.34,0.0,0.07130314590207393
0.22,0.34,0.0,0.0640030895166127
0.24,0.34,0.0,0.07013733655018267
0.26,0.34,0.0,0.059559562466607485
0.28,0.34,0.0,0.058446345594964526
0.30000000000000004,0.34,0.0,0.047399067798470834
0.32,0.34,0.0,0.03810083094199792
0.34,0.34,0.0,0.009240428841192205
0.36000000000000004,0.34,0.0,0.011045184416763675
0.38,0.34,0.0,0.012393945851123122
0.4,0.34,0.0,0.02902960122633538
0.42000000000000004,0.34,0.0,0.12192917136191744
0.44,0.34,0.0,0.03785382872002903
0.46,0.34,0.0,0.015875139900553982
0.48000000000000004,0.34,0.0,-0.007909411005451308
0.5,0.34,0.0,0.009870559436130683
0.52,0.34,0.0,0.02200366448679109
0.54,0.34,0.0,0.030068308289271088
0.56,0.34,0.0,0.03520941230402612
0.5800000000000001,0.34,0.0,0.03711276502950565
0.6,0.34,0.0,0.03585964739332997
0.62,0.34,0.0,0.03237051069317575
0.64,0.34,0.0,0.027903403007284833
0.66,0.34,0.0,0.023494071545019108
0.68,0.34,0.0,0.019830376315579636
0.7000000000000001,0.34,0.0,0.017615220572376872
0.7200000000000001,0.34,0.0,0.017227186140963285
0.74,0.34,0.0,0.017290134785228724
0.76,0.34,0.0,0.01620976226718885
0.78,0.34,0.0,0.01600839541290782
0.8,0.34,0.0,0.016451881225185414
0.8200000000000001,0.34,0.0,0.013426504931189414
0.8400000000000001,0.34,0.0,0.010395842543200591
0.86,0.34,0.0,0.007028851234014813
0.88,0.34,0.0,0.005434982928739516
0.9,0.34,0.0,0.004397015048260402
0.92,0.34,0.0,0.004708313039704024
0.9400000000000001,0.34,0.0,0.004887002954242576
0.9600000000000001,0.34,0.0,0.007794004760909062
0.98,0.34,0.0,0.008909768855191146
1.0,0.34,0.0,0.014051125390161304
1.02,0.34,0.0,0.015925135996143022
1.04,0.34,0.0,0.01892751571918124
1.06,0.34,0.0,0.02205831246162155
1.08,0.34,0.0,0.022304181128355083
1.1,0.34,0.0,0.024265875240747824
1.12,0.34,0.0,0.02516455089078066
1.1400000000000001,0.34,0.0,0.024442872237325854
1.1600000000000001,0.34,0.0,0.024256957142919415
1.18,0.34,0.0,0.023980464754132985
0.02,0.36000000000000004,0.0,0.03620562160295046
0.04,0.36000000000000004,0.0,0.03369326478081022
0.06,0.36000000000000004,0.0,0.034121668096858015
0.08,0.36000000000000004,0.0,0.031113260902906226
0.1,0.36000000000000004,0.0,0.023507358776841
0.12000000000000001,0.36000000000000004,0.0,0.021065580799105324
0.13999999999999999,0.36000000000000004,0.0,0.017346676123078632
0.16,0.36000000000000004,0.0,0.0075555480698434
0.18,0.36000000000000004,0.0,0.00452156734029462
0.19999999999999998,0.36000000000000004,0.0,-0.0005276249246341409
0.22,0.36000000000000004,0.0,-0.007028435517664319
0.24,0.36000000000000004,0.0,-0.006842950443577947
0.26,0.36000000000000004,0.0,-0.010508019517759823
0.28,0.36000000000000004,0.0,-0.01237844705056504
0.30000000000000004,0.36000000000000004,0.0,-0.014021288370723944
0.32,0.36000000000000004,0.0,-0.005488770502240864
0.34,0.36000000000000004,0.0,0.025745430091510504
0.36000000000000004,0.36000000000000004,0.0,-0.004400440428439969
0.38,0.36000000000000004,0.0,0.02145197604862967
0.4,0.36000000000000004,0.0,0.04452156063957499
0.42000000000000004,0.36000000000000004,0.0,0.11555357004632101
0.44,0.36000000000000004,0.0,0.03297601722263806
0.46,0.36000000000000004,0.0,0.023062217494728296
0.48000000000000004,0.36000000000000004,0.0,0.001706475139011632
0.5,0.36000000000000004,0.0,0.00876516008230584
0.52,0.36000000000000004,0.0,0.0022088294297870513
0.54,0.36000000000000004,0.0,-0.003190610804885613
0.56,0.36000000000000004,0.0,-0.004172313820152774
0.5800000000000001,0.36000000000000004,0.0,-0.0010457649825649008
0.6,0.36000000000000004,0.0,0.004468011195655371
0.62,0.36000000000000004,0.0,0.01095459427990246
0.64,0.36000000000000004,0.0,0.017171671494653533
0.66,0.36000000000000004,0.0,0.021954602970513392
0.68,0.36000000000000004,0.0,0.024842221657509413
0.7000000000000001,0.36000000000000004,0.0,0.026828210952938143
0.7200000000000001,0.36000000000000004,0.0,0.02837952840961797
0.74,0.36000000000000004,0.0,0.02748010739137259
0.76,0.36000000000000004,0.0,0.02424140989642557
0.78,0.36000000000000004,0.0,0.02403449133481859
0.8,0.36000000000000004,0.0,0.024041589966218063
0.8200000000000001,0.36000000000000004,0.0,0.020395732390819276
0.8400000000000001,0.36000000000000004,0.0,0.02287069026251571
0.86,0.36000000000000004,0.0,0.023312110469695856
0.88,0.36000000000000004,0.0,0.024430994479212913
0.9,0.36000000000000004,0.0,0.025321432186179105
0.92,0.36000000000000004,0.0,0.02573758904882183
0.9400000000000001,0.36000000000000004,0.0,0.027005267516351843
0.9600000000000001,0.36000000000000004,0.0,0.024706119341859147
0.98,0.36000000000000004,0.0,0.022440645597317732
1.0,0.36000000000000004,0.0,0.019091119096274263
1.02,0.36000000000000004,0.0,0.014757925892394311
1.04,0.36000000000000004,0.0,0.011004496346418651
1.06,0.36000000000000004,0.0,0.007761125222110062
1.08,0.36000000000000004,0.0,0.004228084329585992
1.1,0.36000000000000004,0.0,0.001345651140134733
1.12,0.36000000000000004,0.0,-0.0003908448051761137
1.1400000000000001,0.36000000000000004,0.0,-0.001971711821210869
1.1600000000000001,0.36000000000000004,0.0,-0.0032985779118699307
1.18,0.36000000000000004,0.0,-0.0034678476066708425
0.02,0.38,0.0,0.004207770431845277
0.04,0.38,0.0,0.001352819856409016
0.06,0.38,0.0,-6.861855394795229e-05
0.08,0.38,0.0,-0.00045572344931465113
0.1,0.38,0.0,-0.002602643812602692
0.12000000000000001,0.38,0.0,-0.0025519006902820144
0.13999999999999999,0.38,0.0,-0.0011066703447602255
0.16,0.38,0.0,-0.0027059912268499993
0.18,0.38,0.0,-0.0011230106458193728
0.19999999999999998,0.38,0.0,0.0021185555817707412
0.22,0.38,0.0,-0.003040086872886013
0.24,0.38,0.0,0.005849575405357791
0.26,0.38,0.0,-0.007531753874479527
0.28,0.38,0.0,0.014294325063488274
0.30000000000000004,0.38,0.0,0.023079901011200724
0.32,0.38,0.0,-0.002447991622997749
0.34,0.38,0.0,0.014022634443647493
0.36000000000000004,0.38,0.0,0.018136461030828555
0.38,0.38,0.0,0.038854841697135954
0.4,0.38,0.0,0.06692435469392966
0.42000000000000004,0.38,0.0,0.07162272064802125
0.44,0.38,0.0,0.08360254297938476
0.46,0.38,0.0,0.046578788839417816
0.48000000000000004,0.38,0.0,0.023920691875913586
0.5,0.38,0.0,0.014943485048515693
0.52,0.38,0.0,0.0316553943411688
0.54,0.38,0.0,-0.00514952873200129
0.56,0.38,0.0,-0.001255653058056225
0.5800000000000001,0.38,0.0,-3.1281154969229534e-05
0.6,0.38,0.0,-0.0008077767193867517
0.62,0.38,0.0,-0.0024854063414621935
0.64,0.38,0.0,-0.004026078481836453
0.66,0.38,0.0,-0.0046230011941243284
0.68,0.38,0.0,-0.0036462615210946037
0.7000000000000001,0.38,0.0,-0.0008026785712275345
0.7200000000000001,0.38,0.0,0.003324571135532463
0.74,0.38,0.0,0.00743247847558565
0.76,0.38,0.0,0.01181123507073965
0.78,0.38,0.0,0.01863900981279745
0.8,0.38,0.0,0.02628820508119301
0.8200000000000001,0.38,0.0,0.03076977046905383
0.8400000000000001,0.38,0.0,0.033114499937931564
0.86,0.38,0.0,0.03372413671697065
0.88,0.38,0.0,0.03401190899478885
0.9,0.38,0.0,0.032405537006911476
0.92,0.38,0.0,0.0314491788609165
0.9400000000000001,0.38,0.0,0.029534497745370522
0.9600000000000001,0.38,0.0,0.02843122094473008
0.98,0.38,0.0,0.026651988251398872
1.0,0.38,0.0,0.02641237783615269
1.02,0.38,0.0,0.02496797586950778
1.04,0.38,0.0,0.024248845343390016
1.06,0.38,0.0,0.023164741083666597
1.08,0.38,0.0,0.02141808838813321
1.1,0.38,0.0,0.019672111698759338
1.12,0.38,0.0,0.017531960389984228
1.1400000000000001,0.38,0.0,0.01443711261788253
1.1600000000000001,0.38,0.0,0.011946348783703164
1.18,0.38,0.0,0.009925261927596718
0.02,0.4,0.0,-0.008984568241663186
0.04,0.4,0.0,-0.009269529284977611
0.06,0.4,0.0,-0.0066429388693865065
0.08,0.4,0.0,-0.005039494762796769
0.1,0.4,0.0,-0.004939217584598391
0.12000000000000001,0.4,0.0,-0.002277293116124014
0.13999999999999999,0.4,0.0,0.00012327217029318776
0.16,0.4,0.0,-4.4598188522903853e-05
0.18,0.4,0.0,0.0022620751666633577
0.19999999999999998,0.4,0.0,0.005208755792446303
0.22,0.4,0.0,-0.0009530861949861482
0.24,0.4,0.0,0.021551337616191584
0.26,0.4,0.0,0.029228492645860388
0.28,0.4,0.0,-0.00389157012430401
0.30000000000000004,0.4,0.0,0.009350271137228364
0.32,0.4,0.0,0.0313717194051217
0.34,0.4,0.0,0.027446101372435958
0.36000000000000004,0.4,0.0,-0.028903652764610023
0.38,0.4,0.0,0.018950744200490137
0.4,0.4,0.0,0.034863698638442873
0.42000000000000004,0.4,0.0,0.033398439187999396
0.44,0.4,0.0,0.02677091771280925
0.46,0.4,0.0,0.0045679925310205365
0.48000000000000004,0.4,0.0,-0.01439800295562089
0.5,0.4,0.0,0.01162441693484
0.52,0.4,0.0,0.03038211810641205
0.54,0.4,0.0,0.005260056344105103
0.56,0.4,0.0,0.005419590415012868
0.5800000000000001,0.4,0.0,0.0037096954417974526
0.6,0.4,0.0,0.0005750194022529594
0.62,0.4,0.0,-0.0014471406174600715
0.64,0.4,0.0,-0.0011523501166815465
0.66,0.4,0.0,0.0015366916892565045
0.68,0.4,0.0,0.005168925785824424
0.7000000000000001,0.4,0.0,0.006955537648700317
0.7200000000000001,0.4,0.0,0.0052060102925728016
0.74,0.4,0.0,0.0018958506573856194
0.76,0.4,0.0,-0.000927924552294199
0.78,0.4,0.0,-0.005002614231024209
0.8,0.4,0.0,-0.008553069054866675
0.8200000000000001,0.4,0.0,-0.009080095080447397
0.8400000000000001,0.4,0.0,-0.010827107710073005
0.86,0.4,0.0,-0.009005833676554557
0.88,0.4,0.0,-0.005113716502262302
0.9,0.4,0.0,-0.0014879707002466718
0.92,0.4,0.0,0.005131948764294111
0.9400000000000001,0.4,0.0,0.011095587170210896
0.9600000000000001,0.4,0.0,0.017823177662001536
0.98,0.4,0.0,0.02471006135726245
1.0,0.4,0.0,0.031244493726283483
1.02,0.4,0.0,0.03728233077734722
1.04,0.4,0.0,0.04287820761589294
1.06,0.4,0.0,0.047818428476935966
1.08,0.4,0.0,0.05220703813972042
1.1,0.4,0.0,0.055965894812099355
1.12,0.4,0.0,0.05881071449905026
1.1400000000000001,0.4,0.0,0.061185373188708626
1.1600000000000001,0.4,0.0,0.06258209354001648
1.18,0.4,0.0,0.06293089909540986
0.02,0.42000000000000004,0.0,0.007428162839513994
0.04,0.42000000000000004,0.0,0.006526002147998749
0.06,0.42000000000000004,0.0,0.0027459477486757268
0.08,0.42000000000000004,0.0,0.004990320702409293
0.1,0.42000000000000004,0.0,0.003974403862377807
0.12000000000000001,0.42000000000000004,0.0,-0.0008634987572915923
0.13999999999999999,0.42000000000000004,0.0,0.002139195881595086
0.16,0.42000000000000004,0.0,-0.004513983693719394
0.18,0.42000000000000004,0.0,-0.006651664506242844
0.19999999999999998,0.42000000000000004,0.0,0.020069894940650798
0.22,0.42000000000000004,0.0,0.011394062784520381
0.24,0.42000000000000004,0.0,-0.013899143850145993
0.26,0.42000000000000004,0.0,0.0018656210309844492
0.28,0.42000000000000004,0.0,-0.011547346448594004
0.30000000000000004,0.42000000000000004,0.0,0.03748800724504821
0.32,0.42000000000000004,0.0,0.013690477029494913
0.34,0.42000000000000004,0.0,0.004986989933455047
0.36000000000000004,0.42000000000000004,0.0,0.039522843308372885
0.38,0.42000000000000004,0.0,0.04521373725605673
0.4,0.42000000000000004,0.0,-0.002871098274685864
0.42000000000000004,0.42000000000000004,0.0,0.05909264426976201
0.44,0.42000000000000004,0.0,-0.007902807088593944
0.46,0.42000000000000004,0.0,0.027333534087613985
0.48000000000000004,0.42000000000000004,0.0,0.059083640026924324
0.5,0.42000000000000004,0.0,-0.00012422323234342544
0.52,0.42000000000000004,0.0,0.01074397435777948
0.54,0.42000000000000004,0.0,0.022236414371594928
0.56,0.42000000000000004,0.0,-0.007115737222622735
0.5800000000000001,0.42000000000000004,0.0,0.031949865165191646
0.6,0.42000000000000004,0.0,0.0020717724678979603
0.62,0.42000000000000004,0.0,4.9345808272775325e-05
0.64,0.42000000000000004,0.0,-0.0007225293876051374
0.66,0.42000000000000004,0.0,-0.000888699256346576
0.68,0.42000000000000004,0.0,-0.0013181178841224362
0.7000000000000001,0.42000000000000004,0.0,-0.0031617402601721075
0.7200000000000001,0.42000000000000004,0.0,-0.005736869201795428
0.74,0.42000000000000004,0.0,-0.0053998019978183
0.76,0.42000000000000004,0.0,-0.0008352116382716821
0.78,0.42000000000000004,0.0,0.0028147352214755706
0.8,0.42000000000000004,0.0,0.0039337399516101695
0.8200000000000001,0.42000000000000004,0.0,0.006401678565945576
0.8400000000000001,0.42000000000000004,0.0,0.008344933066821596
0.86,0.42000000000000004,0.0,0.008102421232247756
0.88,0.42000000000000004,0.0,0.006640766743123172
0.9,0.42000000000000004,0.0,0.004114003937761875
0.92,0.42000000000000004,0.0,0.000997699757626674
0.9400000000000001,0.42000000000000004,0.0,-0.0008733656409157076
0.9600000000000001,0.42000000000000004,0.0,-0.004718008090410623
0.98,0.42000000000000004,0.0,-0.007314635753978114
1.0,0.42000000000000004,0.0,-0.010331301513608636
1.02,0.42000000000000004,0.0,-0.012045710265016631
1.04,0.42000000000000004,0.0,-0.012778614772174688
1.06,0.42000000000000004,0.0,-0.012298693731213303
1.08,0.42000000000000004,0.0,-0.010799518183560912
1.1,0.42000000000000004,0.0,-0.00834774986712646
1.12,0.42000000000000004,0.0,-0.005634118616242072
1.1400000000000001,0.42000000000000004,0.0,-0.0022790354164432597
1.1600000000000001,0.42000000000000004,0.0,0.002268116791145927
1.18,0.42000000000000004,0.0,0.006648902240986332
0.02,0.44,0.0,0.003315039042372955
0.04,0.44,0.0,0.0030293021406634954
0.06,0.44,0.0,-0.00179681626079265
0.08,0.44,0.0,9.26457288469055e-05
0.1,0.44,0.0,0.0038971339057148557
0.12000000000000001,0.44,0.0,-0.00638739286028657
0.13999999999999999,0.44,0.0,0.00788593358621868
0.16,0.44,0.0,0.034517538435834834
0.18,0.44,0.0,0.005453675295139215
0.19999999999999998,0.44,0.0,0.0032441133688464446
0.22,0.44,0.0,0.00445249328476146
0.24,0.44,0.0,0.007525121889929943
0.26,0.44,0.0,0.0003496210092056557
0.28,0.44,0.0,0.04890377144486621
0.30000000000000004,0.44,0.0,0.025541030784856884
0.32,0.44,0.0,-0.004138678780364635
0.34,0.44,0.0,0.011041200562778212
0.36000000000000004,0.44,0.0,0.0020594106114576838
0.38,0.44,0.0,0.03189978713083702
0.4,0.44,0.0,-0.029938905578602817
0.42000000000000004,0.44,0.0,0.04097228285856763
0.44,0.44,0.0,-0.03006087075203092
0.46,0.44,0.0,0.03943814379146034
0.48000000000000004,0.44,0.0,-0.019060963400047003
0.5,0.44,0.0,0.00456964719994603
0.52,0.44,0.0,0.016920731405483364
0.54,0.44,0.0,-0.003754703176535203
0.56,0.44,0.0,0.0007045934997568447
0.5800000000000001,0.44,0.0,0.0042552441446083574
0.6,0.44,0.0,0.022241723513112703
0.62,0.44,0.0,-0.006674452359357211
0.64,0.44,0.0,-0.0013942442147086528
0.66,0.44,0.0,0.0011174720998383305
0.68,0.44,0.0,0.00264959382138983
0.7000000000000001,0.44,0.0,0.003532499004901782
0.7200000000000001,0.44,0.0,0.003926283533187067
0.74,0.44,0.0,0.003280840692445093
0.76,0.44,0.0,0.0010896903971491787
0.78,0.44,0.0,-0.0019865626686833304
0.8,0.44,0.0,-0.003783790500788571
0.8200000000000001,0.44,0.0,-0.003863812630458642
0.8400000000000001,0.44,0.0,-0.004588776064658531
0.86,0.44,0.0,-0.005031740753576883
0.88,0.44,0.0,-0.004332504966406887
0.9,0.44,0.0,-0.0034797638041537625
0.92,0.44,0.0,0.00028673610539849543
0.9400000000000001,0.44,0.0,0.0003542225813845581
0.9600000000000001,0.44,0.0,0.002642059439514388
0.98,0.44,0.0,0.001012734052068157
1.0,0.44,0.0,0.002609218942154809
1.02,0.44,0.0,0.0005047480348880308
1.04,0.44,0.0,-0.00023204448690330632
1.06,0.44,0.0,-0.0011645895276499567
1.08,0.44,0.0,-0.0036965378108579933
1.1,0.44,0.0,-0.004520428216866562
1.12,0.44,0.0,-0.006296720904321235
1.1400000000000001,0.44,0.0,-0.007439539787526375
1.1600000000000001,0.44,0.0,-0.0073265299523616895
1.18,0.44,0.0,-0.00757876919499793
0.02,0.46,0.0,-0.003188653400125385
0.04,0.46,0.0,0.00022731237317141046
0.06,0.46,0.0,-0.006077345411804101
0.08,0.46,0.0,-0.004331273558379951
0.1,0.46,0.0,0.019343124338453557
0.12000000000000001,0.46,0.0,0.025527416889972253
0.13999999999999999,0.46,0.0,-0.0014030198989570925
0.16,0.46,0.0,-0.0033724641733576767
0.18,0.46,0.0,0.006542056195263868
0.19999999999999998,0.46,0.0,-0.0013048790131230685
0.22,0.46,0.0,0.007115721325722521
0.24,0.46,0.0,-0.006395530463482766
0.26,0.46,0.0,0.044707516651697546
0.28,0.46,0.0,0.01662997067021293
0.30000000000000004,0.46,0.0,-0.004964774258440356
0.32,0.46,0.0,0.0017043907811468194
0.34,0.46,0.0,0.02050163577432007
0.36000000000000004,0.46,0.0,0.02262232726279086
0.38,0.46,0.0,0.01563438502083501
0.4,0.46,0.0,-0.007663739645131916
0.42000000000000004,0.46,0.0,0.04201671519194256
0.44,0.46,0.0,-0.009611734687231982
0.46,0.46,0.0,0.01758669904592272
0.48000000000000004,0.46,0.0,0.00247894924815264
0.5,0.46,0.0,0.02394689876531681
0.52,0.46,0.0,-0.005529353713302401
0.54,0.46,0.0,0.024902327258441194
0.56,0.46,0.0,-0.008437545119345191
0.5800000000000001,0.46,0.0,-0.006873255648308346
0.6,0.46,0.0,0.02327216168126815
0.62,0.46,0.0,0.0031906513911831077
0.64,0.46,0.0,0.006480111549225103
0.66,0.46,0.0,-0.0007100611086777865
0.68,0.46,0.0,-0.005107347488708284
0.7000000000000001,0.46,0.0,-0.006374233268806746
0.7200000000000001,0.46,0.0,-0.004528702991806889
0.74,0.46,0.0,-0.0028368215972033404
0.76,0.46,0.0,-0.0028074633727222602
0.78,0.46,0.0,-0.0022564624311967128
0.8,0.46,0.0,0.0003278377851988201
0.8200000000000001,0.46,0.0,0.0026184828843174987
0.8400000000000001,0.46,0.0,0.0017642417282268653
0.86,0.46,0.0,0.001868732167070723
0.88,0.46,0.0,0.001592341773791098
0.9,0.46,0.0,-0.0003055442082858058
0.92,0.46,0.0,0.0001051904818512308
0.9400000000000001,0.46,0.0,-0.0011286406021776068
0.9600000000000001,0.46,0.0,0.00038157734367979884
0.98,0.46,0.0,-0.00016306065566636156
1.0,0.46,0.0,0.0020637181936849474
1.02,0.46,0.0,0.0018412448452683025
1.04,0.46,0.0,0.0032602782260469946
1.06,0.46,0.0,0.004318260693443976
1.08,0.46,0.0,0.00487369590872075
1.1,0.46,0.0,0.0053030408199178924
1.12,0.46,0.0,0.0053242059646635125
1.1400000000000001,0.46,0.0,0.004842187197657376
1.1600000000000001,0.46,0.0,0.003919015467637098
1.18,0.46,0.0,0.002755191812830581
0.02,0.48000000000000004,0.0,-0.0045786322911373365
0.04,0.48000000000000004,0.0,0.013970687062494182
0.06,0.48000000000000004,0.0,0.0346182020041264
0.08,0.48000000000000004,0.0,0.014613236146797682
0.1,0.48000000000000004,0.0,-0.0034657738662670586
0.12000000000000001,0.48000000000000004,0.0,0.0019381997976441827
0.13999999999999999,0.48000000000000004,0.0,0.0006661030013758291
0.16,0.48000000000000004,0.0,-0.003456290126005797
0.18,0.48000000000000004,0.0,-0.0042134116086676235
0.19999999999999998,0.48000000000000004,0.0,-0.004913368882275672
0.22,0.48000000000000004,0.0,-0.016903061199099553
0.24,0.48000000000000004,0.0,0.03151469745135307
0.26,0.48000000000000004,0.0,0.005833657170401135
0.28,0.48000000000000004,0.0,-0.007397050061050559
0.30000000000000004,0.48000000000000004,0.0,-0.003841724905971666
0.32,0.48000000000000004,0.0,0.021431093277339577
0.34,0.48000000000000004,0.0,-0.006915265557991105
0.36000000000000004,0.48000000000000004,0.0,0.04794170876291119
0.38,0.48000000000000004,0.0,0.01923907474123848
0.4,0.48000000000000004,0.0,0.009338441662478157
0.42000000000000004,0.48000000000000004,0.0,0.022850938947148097
0.44,0.48000000000000004,0.0,-0.011783198958854678
0.46,0.48000000000000004,0.0,0.04280721184447291
0.48000000000000004,0.48000000000000004,0.0,0.0031661871223342486
0.5,0.48000000000000004,0.0,0.00023937004204799836
0.52,0.48000000000000004,0.0,0.031138136955867507
0.54,0.48000000000000004,0.0,0.0023402327359221195
0.56,0.48000000000000004,0.0,0.03409558059953758
0.5800000000000001,0.48000000000000004,0.0,0.003461957268839724
0.6,0.48000000000000004,0.0,-0.0009555778894821826
0.62,0.48000000000000004,0.0,0.026864235494135604
0.64,0.48000000000000004,0.0,-0.010051672365743421
0.66,0.48000000000000004,0.0,0.02393885585159798
0.68,0.48000000000000004,0.0,0.00412223934686518
0.7000000000000001,0.48000000000000004,0.0,0.003964256792296265
0.7200000000000001,0.48000000000000004,0.0,0.003937484833116094
0.74,0.48000000000000004,0.0,0.0025767132002274444
0.76,0.48000000000000004,0.0,0.0010881242335613688
0.78,0.48000000000000004,0.0,3.2633913145322714e-05
0.8,0.48000000000000004,0.0,-0.0009692643372404273
0.8200000000000001,0.48000000000000004,0.0,-0.0007496450946312775
0.8400000000000001,0.48000000000000004,0.0,-0.0005237687096891124
0.86,0.48000000000000004,0.0,0.0025054032393010644
0.88,0.48000000000000004,0.0,0.00225539478314026
0.9,0.48000000000000004,0.0,0.0025560591082796555
0.92,0.48000000000000004,0.0,0.0020501167790789618
0.9400000000000001,0.48000000000000004,0.0,0.0014029268029378103
0.9600000000000001,0.48000000000000004,0.0,0.0003659755658851828
0.98,0.48000000000000004,0.0,-0.0016856620703124346
1.0,0.48000000000000004,0.0,-0.0023946010663607863
1.02,0.48000000000000004,0.0,-0.0029718210268983147
1.04,0.48000000000000004,0.0,-0.0038158881278627047
1.06,0.48000000000000004,0.0,-0.0025212326426811062
1.08,0.48000000000000004,0.0,-0.0025761073058771697
1.1,0.48000000000000004,0.0,-0.0006741922843726463
1.12,0.48000000000000004,0.0,0.0006933482544478546
1.1400000000000001,0.48000000000000004,0.0,0.0022632881097120867
1.1600000000000001,0.48000000000000004,0.0,0.0035391831548354743
1.18,0.48000000000000004,0.0,0.003989499957673383
0.02,0.5,0.0,0.02465210963158506
0.04,0.5,0.0,-0.0036590813020591535
0.06,0.5,0.0,-0.005596518029365047
0.08,0.5,0.0,0.002198678664174637
0.1,0.5,0.0,-0.006196380818620947
0.12000000000000001,0.5,0.0,-0.0002487615520824476
0.13999999999999999,0.5,0.0,-0.004453576691155636
0.16,0.5,0.0,-0.0005730009217260984
0.18,0.5,0.0,0.0004214338848867816
0.19999999999999998,0.5,0.0,-0.005710718761530814
0.22,0.5,0.0,0.033709497826659766
0.24,0.5,0.0,-0.0039041475050571647
0.26,0.5,0.0,0.003351562821021529
0.28,0.5,0.0,-0.004943823001068392
0.30000000000000004,0.5,0.0,0.02191492432621365
0.32,0.5,0.0,0.01747510696191216
0.34,0.5,0.0,0.023009879100846956
0.36000000000000004,0.5,0.0,0.022551715872129247
0.38,0.5,0.0,-0.012454890613927187
0.4,0.5,0.0,0.01606761874235704
0.42000000000000004,0.5,0.0,0.01978969213944547
0.44,0.5,0.0,0.010177211493203964
0.46,0.5,0.0,0.01615096240832467
0.48000000000000004,0.5,0.0,0.05136086678548911
0.5,0.5,0.0,0.004541931803376961
0.52,0.5,0.0,-0.00347825143186274
0.54,0.5,0.0,-0.0008120211579780486
0.56,0.5,0.0,-0.0036745718660508055
0.5800000000000001,0.5,0.0,0.011195005202443141
0.6,0.5,0.0,0.00475737621141071
0.62,0.5,0.0,0.004826528167365802
0.64,0.5,0.0,0.014400728380447737
0.66,0.5,0.0,-0.004758456145356558
0.68,0.5,0.0,0.028290205103028182
0.7000000000000001,0.5,0.0,-0.004124639715426957
0.7200000000000001,0.5,0.0,-0.0023104693264611956
0.74,0.5,0.0,0.00031000786345315235
0.76,0.5,0.0,0.0027117341812668886
0.78,0.5,0.0,0.0040476924981935145
0.8,0.5,0.0,0.00443257757948626
0.8200000000000001,0.5,0.0,0.002950777411682512
0.8400000000000001,0.5,0.0,-0.0014064875391210034
0.86,0.5,0.0,-0.0016197274841535558
0.88,0.5,0.0,-0.005681056242710175
0.9,0.5,0.0,-0.003232359741884742
0.92,0.5,0.0,-0.001947354401903284
0.9400000000000001,0.5,0.0,-0.0003614579072202202
0.9600000000000001,0.5,0.0,0.0020911131491142664
0.98,0.5,0.0,0.002385669093971341
1.0,0.5,0.0,0.0037830942195310555
1.02,0.5,0.0,0.002915118075450078
1.04,0.5,0.0,0.003870689912290179
1.06,0.5,0.0,2.727369791219984e-05
1.08,0.5,0.0,-0.00016285794099758864
1.1,0.5,0.0,-0.0015066943614295638
1.12,0.5,0.0,-0.003611636574217161
1.1400000000000001,0.5,0.0,-0.0031446837051184533
1.1600000000000001,0.5,0.0,-0.003290847205512729
1.18,0.5,0.0,-0.0022912114948587872
0.02,0.52,0.0,-0.0012096873489154507
0.04,0.52,0.0,0.001281658164968896
0.06,0.52,0.0,-0.006074278201958084
0.08,0.52,0.0,-0.0006914506781467238
0.1,0.52,0.0,0.00046581094751636776
0.12000000000000001,0.52,0.0,-0.005478551782033502
0.13999999999999999,0.52,0.0,0.003919805468656771
0.16,0.52,0.0,-0.0030337431139483674
0.18,0.52,0.0,0.012112610744542694
0.19999999999999998,0.52,0.0,0.02339140060513456
0.22,0.52,0.0,-0.006264043591712434
0.24,0.52,0.0,-0.001992549897681291
0.26,0.52,0.0,-0.003305593278197112
0.28,0.52,0.0,-0.009701196566990537
0.30000000000000004,0.52,0.0,-0.0007348516862587411
0.32,0.52,0.0,-0.004721872377182604
0.34,0.52,0.0,0.028753635338482027
0.36000000000000004,0.52,0.0,-0.005797913137324072
0.38,0.52,0.0,0.003827829570922921
0.4,0.52,0.0,0.018329862375025336
0.42000000000000004,0.52,0.0,0.005440050047671563
0.44,0.52,0.0,0.021937129303770373
0.46,0.52,0.0,-0.00631889598929402
0.48000000000000004,0.52,0.0,0.041356337079554856
0.5,0.52,0.0,-0.000770488282912157
0.52,0.52,0.0,-0.0012668596075997806
0.54,0.52,0.0,0.053580846620336214
0.56,0.52,0.0,0.0048231976189647115
0.5800000000000001,0.52,0.0,0.014695293371386399
0.6,0.52,0.0,-0.007588582294091354
0.62,0.52,0.0,-0.004146043005633756
0.64,0.52,0.0,-0.002697252697737679
0.66,0.52,0.0,-0.0048190482521368915
0.68,0.52,0.0,0.01711197383129218
0.7000000000000001,0.52,0.0,0.023731458035006738
0.7200000000000001,0.52,0.0,-0.005729767809866511
0.74,0.52,0.0,-0.0034493387483774695
0.76,0.52,0.0,-0.003997980002612025
0.78,0.52,0.0,-0.0027741522044100707
0.8,0.52,0.0,-0.001933217235144939
0.8200000000000001,0.52,0.0,-0.0009599958718734247
0.8400000000000001,0.52,0.0,0.0006087629759967658
0.86,0.52,0.0,0.0008584932044752706
0.88,0.52,0.0,-0.00013254823423152517
0.9,0.52,0.0,-8.288664754828206e-05
0.92,0.52,0.0,-0.001191041639210798
0.9400000000000001,0.52,0.0,-0.002639601416447334
0.9600000000000001,0.52,0.0,-0.002707974995671917
0.98,0.52,0.0,-0.0030324649503178365
1.0,0.52,0.0,-0.0019142198710589593
1.02,0.52,0.0,-0.001514913483900389
1.04,0.52,0.0,-0.0003587024750892734
1.06,0.52,0.0,-0.00040488872040999956
1.08,0.52,0.0,-9.392390005635886e-05
1.1,0.52,0.0,0.0003431163004425611
1.12,0.52,0.0,6.524639012102333e-05
1.1400000000000001,0.52,0.0,-8.894179138980479e-05
1.1600000000000001,0.52,0.0,-0.0005878612450123269
1.18,0.52,0.0,-0.001369597621658531
0.02,0.54,0.0,0.004394344152991664
0.04,0.54,0.0,0.004355172174756471
0.06,0.54,0.0,0.0027351952933595673
0.08,0.54,0.0,0.004871972894801346
0.1,0.54,0.0,0.0009528601940560482
0.12000000000000001,0.54,0.0,0.006090994229795153
0.13999999999999999,0.54,0.0,-0.0011528594261699535
0.16,0.54,0.0,0.0313503507596932
0.18,0.54,0.0,0.020018588582809485
0.19999999999999998,0.54,0.0,-0.012679233835318306
0.22,0.54,0.0,0.004010298292389926
0.24,0.54,0.0,0.0002598215892810168
0.26,0.54,0.0,0.007426594864582531
0.28,0.54,0.0,0.022838305725306284
0.30000000000000004,0.54,0.0,0.009283136472815324
0.32,0.54,0.0,0.015109374322651862
0.34,0.54,0.0,0.04449731461903226
0.36000000000000004,0.54,0.0,0.022137416017993527
0.38,0.54,0.0,0.0033048187105394096
0.4,0.54,0.0,0.009346270459504018
0.42000000000000004,0.54,0.0,-0.006506511670714461
0.44,0.54,0.0,0.03303489773749197
0.46,0.54,0.0,0.00723098904310077
0.48000000000000004,0.54,0.0,0.03415862789512569
0.5,0.54,0.0,-0.007673072778443651
0.52,0.54,0.0,-0.0066973384043003525
0.54,0.54,0.0,-0.016423510169079947
0.56,0.54,0.0,0.008272664474088
0.5800000000000001,0.54,0.0,0.0009821519100350307
0.6,0.54,0.0,0.033427358630421754
0.62,0.54,0.0,0.002337172807465983
0.64,0.54,0.0,0.002465190129832742
0.66,0.54,0.0,0.0004766895799375648
0.68,0.54,0.0,-0.0025852855957228067
0.7000000000000001,0.54,0.0,0.03307296145640855
0.7200000000000001,0.54,0.0,0.005428804252863967
0.74,0.54,0.0,-0.008716761843096292
0.76,0.54,0.0,-0.000885691105624542
0.78,0.54,0.0,0.0033415396222626925
0.8,0.54,0.0,-0.001143288074597208
0.8200000000000001,0.54,0.0,-0.0030918630888180534
0.8400000000000001,0.54,0.0,-0.0011818555989906708
0.86,0.54,0.0,-0.0007918843618531593
0.88,0.54,0.0,-0.00040745200020156954
0.9,0.54,0.0,0.0012215965027342003
0.92,0.54,0.0,0.0019995293510821784
0.9400000000000001,0.54,0.0,0.0006975377798781226
0.9600000000000001,0.54,0.0,0.001793623123473198
0.98,0.54,0.0,-0.00021093647008997349
1.0,0.54,0.0,-0.0005499310199900508
1.02,0.54,0.0,-0.001876346107779904
1.04,0.54,0.0,-0.0012140801647992474
1.06,0.54,0.0,-0.002665282470987956
1.08,0.54,0.0,-0.0016623683877427253
1.1,0.54,0.0,-0.0011742986904949753
1.12,0.54,0.0,-0.0002405818812414391
1.1400000000000001,0.54,0.0,0.0014274116520624448
1.1600000000000001,0.54,0.0,0.0017598188433815966
1.18,0.54,0.0,0.0031503886052076453
0.02,0.56,0.0,0.0004651425856091871
0.04,0.56,0.0,0.005442008106568963
0.06,0.56,0.0,-0.00027266852107650865
0.08,0.56,0.0,0.0024810517580995907
0.1,0.56,0.0,0.003221620381507963
0.12000000000000001,0.56,0.0,-0.001059693459637644
0.13999999999999999,0.56,0.0,0.05496791286475465
0.16,0.56,0.0,0.01393178874779465
0.18,0.56,0.0,-0.0022878158604790633
0.19999999999999998,0.56,0.0,0.0026944092180701197
0.22,0.56,0.0,-0.00010250085780646388
0.24,0.56,0.0,-0.0032149171890829306
0.26,0.56,0.0,0.022584453350399138
0.28,0.56,0.0,0.028486134008540154
0.30000000000000004,0.56,0.0,-0.006132439515256457
0.32,0.56,0.0,0.0284264517020085
0.34,0.56,0.0,-0.003933641558997061
0.36000000000000004,0.56,0.0,-0.005194392809042645
0.38,0.56,0.0,-0.0024020480802895315
0.4,0.56,0.0,-0.000597872076461252
0.42000000000000004,0.56,0.0,-0.011666931182621217
0.44,0.56,0.0,0.039028492347239804
0.46,0.56,0.0,0.007624260584550627
0.48000000000000004,0.56,0.0,0.02704381111181706
0.5,0.56,0.0,0.004281255214605709
0.52,0.56,0.0,0.004880977795746891
0.54,0.56,0.0,0.0013378814470094988
0.56,0.56,0.0,0.04683279722300125
0.5800000000000001,0.56,0.0,-0.011131662292023186
0.6,0.56,0.0,-0.010479062516330377
0.62,0.56,0.0,0.011256426507855874
0.64,0.56,0.0,0.001317821400246096
0.66,0.56,0.0,-0.0004457116471663816
0.68,0.56,0.0,0.0002154614959848283
0.7000000000000001,0.56,0.0,0.003776373416421272
0.7200000000000001,0.56,0.0,0.017803530756460764
0.74,0.56,0.0,-0.0033294864894482757
0.76,0.56,0.0,-0.0013329598321719024
0.78,0.56,0.0,-0.0005937603688467146
0.8,0.56,0.0,-0.003122805638972324
0.8200000000000001,0.56,0.0,-0.0015180812729838089
0.8400000000000001,0.56,0.0,0.001656966713829072
0.86,0.56,0.0,0.003603960848747832
0.88,0.56,0.0,0.0011453446916361908
0.9,0.56,0.0,0.0004893384491232683
0.92,0.56,0.0,0.0008531887134224294
0.9400000000000001,0.56,0.0,-0.0008840774214216631
0.9600000000000001,0.56,0.0,-0.00010336096525359286
0.98,0.56,0.0,-4.273840159436384e-07
1.0,0.56,0.0,0.002237539339672496
1.02,0.56,0.0,0.0035335481295623106
1.04,0.56,0.0,0.00415451054900586
1.06,0.56,0.0,0.0038882255636236594
1.08,0.56,0.0,0.003406393994091241
1.1,0.56,0.0,0.0002582184739407511
1.12,0.56,0.0,0.0008494947400078886
1.1400000000000001,0.56,0.0,0.00033820534648747516
1.1600000000000001,0.56,0.0,0.0005076002712769667
1.18,0.56,0.0,0.0018810649592611724
0.02,0.5800000000000001,0.0,-0.003996230172412069
0.04,0.5800000000000001,0.0,-0.00542955817460663
0.06,0.5800000000000001,0.0,0.0003407692985545356
0.08,0.5800000000000001,0.0,-0.00796942577648295
0.1,0.5800000000000001,0.0,0.0008845827173810734
0.12000000000000001,0.5800000000000001,0.0,0.0600935414896569
0.13999999999999999,0.5800000000000001,0.0,0.0048472217705601214
0.16,0.5800000000000001,0.0,-0.0025857899495994076
0.18,0.5800000000000001,0.0,0.006509989343677173
0.19999999999999998,0.5800000000000001,0.0,-0.0033245162518048183
0.22,0.5800000000000001,0.0,0.00563103445930847
0.24,0.5800000000000001,0.0,-0.013144942822348897
0.26,0.5800000000000001,0.0,-0.008618935040824987
0.28,0.5800000000000001,0.0,-0.0065163563866199505
0.30000000000000004,0.5800000000000001,0.0,0.009058404483428619
0.32,0.5800000000000001,0.0,0.033821230070367296
0.34,0.5800000000000001,0.0,-0.004949595059744839
0.36000000000000004,0.5800000000000001,0.0,0.008301711331238094
0.38,0.5800000000000001,0.0,-0.010068487539018288
0.4,0.5800000000000001,0.0,-0.007091719755297932
0.42000000000000004,0.5800000000000001,0.0,-0.014212865806306343
0.44,0.5800000000000001,0.0,0.045832446714797234
0.46,0.5800000000000001,0.0,0.005238577987107243
0.48000000000000004,0.5800000000000001,0.0,0.05108454636177173
0.5,0.5800000000000001,0.0,0.023482622168776
0.52,0.5800000000000001,0.0,-0.0033836232567115753
0.54,0.5800000000000001,0.0,-0.002502486174326759
0.56,0.5800000000000001,0.0,-0.005637855898909519
0.5800000000000001,0.5800000000000001,0.0,0.03046941793116791
0.6,0.5800000000000001,0.0,0.00758779557198835
0.62,0.5800000000000001,0.0,0.015333071596215851
0.64,0.5800000000000001,0.0,-0.0063522582979719895
0.66,0.5800000000000001,0.0,-0.0025228399037666247
0.68,0.5800000000000001,0.0,-0.0007086607673470577
0.7000000000000001,0.5800000000000001,0.0,0.000369644968154963
0.7200000000000001,0.5800000000000001,0.0,0.00028138072895421835
0.74,0.5800000000000001,0.0,-0.004343039805204692
0.76,0.5800000000000001,0.0,0.01497648741851531
0.78,0.5800000000000001,0.0,-0.00071160641371246
0.8,0.5800000000000001,0.0,-0.0068839118016355595
0.8200000000000001,0.5800000000000001,0.0,-0.0036590637254219744
0.8400000000000001,0.5800000000000001,0.0,-1.867810441268195e-05
0.86,0.5800000000000001,0.0,-0.001957565995900391
0.88,0.5800000000000001,0.0,-0.0018642744868035634
0.9,0.5800000000000001,0.0,-0.00022868844562594319
0.92,0.5800000000000001,0.0,-0.00018952316945816517
0.9400000000000001,0.5800000000000001,0.0,-0.0007425279964939966
0.9600000000000001,0.5800000000000001,0.0,-0.002073930479319671
0.98,0.5800000000000001,0.0,-0.0021862110898367027
1.0,0.5800000000000001,0.0,-0.0010587018482244666
1.02,0.5800000000000001,0.0,-0.000673817049348621
1.04,0.5800000000000001,0.0,0.0006879654398964292
1.06,0.5800000000000001,0.0,-0.00034346200738167405
1.08,0.5800000000000001,0.0,0.0005995180037886352
1.1,0.5800000000000001,0.0,-0.00018142387511936348
1.12,0.5800000000000001,0.0,-0.0002907625132830811
1.1400000000000001,0.5800000000000001,0.0,-0.0002892073431656659
1.1600000000000001,0.5800000000000001,0.0,-0.0008442136266854428
1.18,0.5800000000000001,0.0,-0.0013749242102155212
0.02,0.6,0.0,-0.0018247023819255902
0.04,0.6,0.0,0.00687020122782504
0.06,0.6,0.0,-0.003952463726120958
0.08,0.6,0.0,0.007385126679224134
0.1,0.6,0.0,0.06211544025459378
0.12000000000000001,0.6,0.0,0.0028645630908246495
0.13999999999999999,0.6,0.0,0.0007102166362709067
0.16,0.6,0.0,0.003159914195030133
0.18,0.6,0.0,-0.0007328967668991203
0.19999999999999998,0.6,0.0,0.0007062006942610878
0.22,0.6,0.0,0.002679833705746724
0.24,0.6,0.0,0.008410989508767116
0.26,0.6,0.0,0.033323645444589836
0.28,0.6,0.0,0.002780156197444191
0.30000000000000004,0.6,0.0,0.03573793562505709
0.32,0.6,0.0,0.013186998554669763
0.34,0.6,0.0,0.030776442965594286
0.36000000000000004,0.6,0.0,-0.000635270403660149
0.38,0.6,0.0,-0.010291911235589422
0.4,0.6,0.0,-0.006789376252081238
0.42000000000000004,0.6,0.0,-0.016067043920520857
0.44,0.6,0.0,0.0513016008273272
0.46,0.6,0.0,-0.0032314896268752598
0.48000000000000004,0.6,0.0,0.0413926290795746
0.5,0.6,0.0,-0.007001339964820736
0.52,0.6,0.0,0.00635283025321866
0.54,0.6,0.0,0.0003452978639850372
0.56,0.6,0.0,-0.002333414830802146
0.5800000000000001,0.6,0.0,0.03670762513793883
0.6,0.6,0.0,-0.0029646307339154425
0.62,0.6,0.0,-0.0011415868424891934
0.64,0.6,0.0,0.031696250047159126
0.66,0.6,0.0,0.00487670855512878
0.68,0.6,0.0,0.00452718860794336
0.7000000000000001,0.6,0.0,0.0024373500010235324
0.7200000000000001,0.6,0.0,-0.001098687135502415
0.74,0.6,0.0,-0.00438544743839925
0.76,0.6,0.0,-0.0077646454735769525
0.78,0.6,0.0,0.027004771580981444
0.8,0.6,0.0,-0.0017504033608287351
0.8200000000000001,0.6,0.0,-0.0009401053837488234
0.8400000000000001,0.6,0.0,0.0014239759518952187
0.86,0.6,0.0,-0.0025148390415342197
0.88,0.6,0.0,-0.00267068004771857
0.9,0.6,0.0,0.0007957288587103811
0.92,0.6,0.0,0.0009889441787806882
0.9400000000000001,0.6,0.0,0.001088473892592895
0.9600000000000001,0.6,0.0,0.002859290661275608
0.98,0.6,0.0,-0.0011143453356250565
1.0,0.6,0.0,0.00024943482902758615
1.02,0.6,0.0,-0.003165707003498151
1.04,0.6,0.0,-0.0019073821630575106
1.06,0.6,0.0,-0.004422777155956793
1.08,0.6,0.0,-0.0018957184458537962
1.1,0.6,0.0,-0.002299340738464335
1.12,0.6,0.0,-0.00022970020857620085
1.1400000000000001,0.6,0.0,0.0003778862431601271
1.1600000000000001,0.6,0.0,0.0019925765536746454
1.18,0.6,0.0,-1.445036779146105e-06
0.02,0.62,0.0,0.0014578624356673192
0.04,0.62,0.0,-0.00869188954950275
0.06,0.62,0.0,0.015177804821512417
0.08,0.62,0.0,0.04608348046729517
0.1,0.62,0.0,-0.001371191272183475
0.12000000000000001,0.62,0.0,0.0019465955724434427
0.13999999999999999,0.62,0.0,0.00156805722034573
0.16,0.62,0.0,-5.409652867238609e-05
0.18,0.62,0.0,-0.00014241602369698418
0.19999999999999998,0.62,0.0,0.0006713061396926745
0.22,0.62,0.0,0.025381868787967804
0.24,0.62,0.0,0.004443077229919613
0.26,0.62,0.0,-0.013642185076756493
0.28,0.62,0.0,0.02133693924462884
0.30000000000000004,0.62,0.0,0.009988424654947106
0.32,0.62,0.0,-0.011128495326006602
0.34,0.62,0.0,-0.0023040170346436952
0.36000000000000004,0.62,0.0,-0.0014505500377191283
0.38,0.62,0.0,-0.0008192706784845809
0.4,0.62,0.0,0.004975987723508984
0.42000000000000004,0.62,0.0,-0.014710945454159921
0.44,0.62,0.0,0.05053197940274188
0.46,0.62,0.0,-0.001643909354241811
0.48000000000000004,0.62,0.0,0.01481215371488414
0.5,0.62,0.0,0.013870207452727693
0.52,0.62,0.0,0.001662473071484683
0.54,0.62,0.0,0.002869126866747702
0.56,0.62,0.0,0.0002767054596930318
0.5800000000000001,0.62,0.0,0.0009147131603496979
0.6,0.62,0.0,0.028039311678142442
0.62,0.62,0.0,-0.0063936804337766
0.64,0.62,0.0,-0.004864394916880661
0.66,0.62,0.0,0.0003433537829992672
0.68,0.62,0.0,-0.0005190025094010378
0.7000000000000001,0.62,0.0,-0.0020101766664528094
0.7200000000000001,0.62,0.0,-0.0027801236304128823
0.74,0.62,0.0,-0.004394436720070579
0.76,0.62,0.0,-0.005756895357888816
0.78,0.62,0.0,-0.0006977937071425723
0.8,0.62,0.0,0.007763592937081955
0.8200000000000001,0.62,0.0,0.008480256388664379
0.8400000000000001,0.62,0.0,0.004456468618062494
0.86,0.62,0.0,-0.003126961478760582
0.88,0.62,0.0,-0.002835414738967609
0.9,0.62,0.0,-0.0014025657742243523
0.92,0.62,0.0,-0.0009140540465213711
0.9400000000000001,0.62,0.0,0.0005686982933667876
0.9600000000000001,0.62,0.0,0.002231893140394769
0.98,0.62,0.0,0.0003848676378272574
1.0,0.62,0.0,0.001612751328563426
1.02,0.62,0.0,0.0010587502291531732
1.04,0.62,0.0,0.0010313207912262653
1.06,0.62,0.0,0.0011131303690933457
1.08,0.62,0.0,-0.0004329662124788427
1.1,0.62,0.0,-0.0014498397432369705
1.12,0.62,0.0,-0.0009237779096190558
1.1400000000000001,0.62,0.0,-0.001014203978113644
1.1600000000000001,0.62,0.0,0.0004633874832482909
1.18,0.62,0.0,-0.0003839715433504893
0.02,0.64,0.0,-0.0009350171734470378
0.04,0.64,0.0,0.019373405799085128
0.06,0.64,0.0,0.025371090689582966
0.08,0.64,0.0,-0.004822481966902922
0.1,0.64,0.0,0.005006306042688753
0.12000000000000001,0.64,0.0,-0.0016797373729357749
0.13999999999999999,0.64,0.0,0.0008310459391220621
0.16,0.64,0.0,0.00048505773901647616
0.18,0.64,0.0,0.0017534086501035098
0.19999999999999998,0.64,0.0,0.007910986170588611
0.22,0.64,0.0,0.0028371636778114027
0.24,0.64,0.0,0.02021756876036163
0.26,0.64,0.0,0.005194489589202076
0.28,0.64,0.0,0.027125522772647032
0.30000000000000004,0.64,0.0,0.032702679008885197
0.32,0.64,0.0,0.004057812030292633
0.34,0.64,0.0,0.006674292062428798
0.36000000000000004,0.64,0.0,-0.0004230916463164433
0.38,0.64,0.0,0.016152881025918893
0.4,0.64,0.0,-0.0029077781245649137
0.42000000000000004,0.64,0.0,-0.010080418351149058
0.44,0.64,0.0,0.0515682820022301
0.46,0.64,0.0,-0.0003247720484215143
0.48000000000000004,0.64,0.0,-0.0034254979218740003
0.5,0.64,0.0,0.009360934903339316
0.52,0.64,0.0,0.02487360166372929
0.54,0.64,0.0,0.0012896917638653379
0.56,0.64,0.0,-0.0034828837035663467
0.5800000000000001,0.64,0.0,-0.003925841898124781
0.6,0.64,0.0,0.027259690962629066
0.62,0.64,0.0,0.014082313757049058
0.64,0.64,0.0,0.007664279757479111
0.66,0.64,0.0,0.030015250517317914
0.68,0.64,0.0,-0.0022753716920543418
0.7000000000000001,0.64,0.0,-0.0012256797418743895
0.7200000000000001,0.64,0.0,-0.0005294305938505137
0.74,0.64,0.0,-0.00023928633917013698
0.76,0.64,0.0,0.0016270078528610168
0.78,0.64,0.0,0.0011464867968456484
0.8,0.64,0.0,-0.0023960578905714482
0.8200000000000001,0.64,0.0,-0.012073633510671382
0.8400000000000001,0.64,0.0,0.027871854561575756
0.86,0.64,0.0,-0.006210715365444606
0.88,0.64,0.0,-0.0030935761526807476
0.9,0.64,0.0,0.0029711973833920534
0.92,0.64,0.0,-0.0004202667284380605
0.9400000000000001,0.64,0.0,-0.00036661217116687667
0.9600000000000001,0.64,0.0,0.0007372298616737977
0.98,0.64,0.0,-0.0029432577555065812
1.0,0.64,0.0,-5.5381997392620416e-05
1.02,0.64,0.0,-0.000658683216749391
1.04,0.64,0.0,0.0008672961228753171
1.06,0.64,0.0,0.00022210254951653347
1.08,0.64,0.0,0.0006411518651929366
1.1,0.64,0.0,-0.00024686184299957923
1.12,0.64,0.0,0.00022772240246801505
1.1400000000000001,0.64,0.0,-0.001026541893129236
1.1600000000000001,0.64,0.0,-0.0012305653975781307
1.18,0.64,0.0,-0.0012952118916108469
0.02,0.66,0.0,0.029356527076825404
0.04,0.66,0.0,0.008867906472896174
0.06,0.66,0.0,-0.0004991500787135988
0.08,0.66,0.0,0.005293212692460824
0.1,0.66,0.0,-0.0011548071973340726
0.12000000000000001,0.66,0.0,0.004119168041965206
0.13999999999999999,0.66,0.0,-0.004508029752789242
0.16,0.66,0.0,0.002325750929951542
0.18,0.66,0.0,-0.009723296542508185
0.19999999999999998,0.66,0.0,-0.00789378497463867
0.22,0.66,0.0,0.020449744189911894
0.24,0.66,0.0,-0.012024409637815675
0.26,0.66,0.0,0.02530498468647873
0.28,0.66,0.0,0.019137744921119502
0.30000000000000004,0.66,0.0,-0.011489627277749775
0.32,0.66,0.0,0.026191045710000253
0.34,0.66,0.0,-0.005540562156598349
0.36000000000000004,0.66,0.0,0.0038011386763729133
0.38,0.66,0.0,0.026007529239383795
0.4,0.66,0.0,-0.004086011014431993
0.42000000000000004,0.66,0.0,-0.0003271783538378516
0.44,0.66,0.0,0.04715299582737468
0.46,0.66,0.0,-0.00026033497615870083
0.48000000000000004,0.66,0.0,0.001042054972249983
0.5,0.66,0.0,0.007363834974163175
0.52,0.66,0.0,0.021709423484778223
0.54,0.66,0.0,0.0034829139993492134
0.56,0.66,0.0,-0.0011610882494735326
0.5800000000000001,0.66,0.0,-0.003127703959044356
0.6,0.66,0.0,0.0012758874723138827
0.62,0.66,0.0,0.015572460338601638
0.64,0.66,0.0,-0.010306266195206205
0.66,0.66,0.0,-0.00781560472629832
0.68,0.66,0.0,0.011706368804350895
0.7000000000000001,0.66,0.0,0.0007699645884825946
0.7200000000000001,0.66,0.0,-0.002971212584388965
0.74,0.66,0.0,-0.0032557656867317547
0.76,0.66,0.0,-0.001308909520208025
0.78,0.66,0.0,-0.0001444649220384608
0.8,0.66,0.0,0.0012091005960931348
0.8200000000000001,0.66,0.0,-0.0047647112620919745
0.8400000000000001,0.66,0.0,-0.007857407844772056
0.86,0.66,0.0,0.024369532207515247
0.88,0.66,0.0,-0.006380833028549
0.9,0.66,0.0,0.0016372183067943752
0.92,0.66,0.0,-0.0022304399008368386
0.9400000000000001,0.66,0.0,-0.0010697190951671652
0.9600000000000001,0.66,0.0,0.0019198887579005642
0.98,0.66,0.0,0.0005569804104867869
1.0,0.66,0.0,0.0016862231681365838
1.02,0.66,0.0,-3.2992961438383265e-05
1.04,0.66,0.0,-0.0005311261089602434
1.06,0.66,0.0,-0.00040778114536643126
1.08,0.66,0.0,-0.00019477011336979815
1.1,0.66,0.0,0.0016103067710467117
1.12,0.66,0.0,0.001089869475047524
1.1400000000000001,0.66,0.0,0.0022110219923540905
1.1600000000000001,0.66,0.0,0.0014564496181348914
1.18,0.66,0.0,-0.00029607345918317325
0.02,0.68,0.0,-0.005597315696896346
0.04,0.68,0.0,0.0005846034598236292
0.06,0.68,0.0,0.0022875761595165457
0.08,0.68,0.0,-0.0024944073375728687
0.1,0.68,0.0,0.0031525627198074925
0.12000000000000001,0.68,0.0,-0.0038449374865547753
0.13999999999999999,0.68,0.0,0.0007587710308214143
0.16,0.68,0.0,-4.1000365696672075e-05
0.18,0.68,0.0,0.011108887347793538
0.19999999999999998,0.68,0.0,-0.007944890161281491
0.22,0.68,0.0,0.004940158854337213
0.24,0.68,0.0,0.005355748181183343
0.26,0.68,0.0,0.03051174280031396
0.28,0.68,0.0,0.014641152915371363
0.30000000000000004,0.68,0.0,-0.0006672228003791434
0.32,0.68,0.0,-0.0065129449118222224
0.34,0.68,0.0,4.995835544533596e-05
0.36000000000000004,0.68,0.0,-0.0005508668134074479
0.38,0.68,0.0,0.01917776284643277
0.4,0.68,0.0,0.004205972136866082
0.42000000000000004,0.68,0.0,-0.0004893199889821891
0.44,0.68,0.0,0.04098126835482977
0.46,0.68,0.0,0.0020065022286786267
0.48000000000000004,0.68,0.0,0.0077957487463999635
0.5,0.68,0.0,0.009217933644686514
0.52,0.68,0.0,-0.0029081542371898732
0.54,0.68,0.0,0.0031791884029630504
0.56,0.68,0.0,-2.953579785966345e-05
0.5800000000000001,0.68,0.0,-0.002131971416347649
0.6,0.68,0.0,-0.006120347196564123
0.62,0.68,0.0,0.023787367842905364
0.64,0.68,0.0,0.027609685295645395
0.66,0.68,0.0,0.004627363112354291
0.68,0.68,0.0,0.022749348464867973
0.7000000000000001,0.68,0.0,-0.006861867226418193
0.7200000000000001,0.68,0.0,-0.002731090280424053
0.74,0.68,0.0,0.0008692053338724551
0.76,0.68,0.0,0.002678353008120412
0.78,0.68,0.0,-1.050656184578135e-05
0.8,0.68,0.0,-0.0013799737241013137
0.8200000000000001,0.68,0.0,-0.0028622244778219773
0.8400000000000001,0.68,0.0,-0.0011510466557021612
0.86,0.68,0.0,0.00570596960897417
0.88,0.68,0.0,-0.0014017046598592206
0.9,0.68,0.0,0.014375055361987516
0.92,0.68,0.0,-0.0045063823219800205
0.9400000000000001,0.68,0.0,-0.002432010806180552
0.9600000000000001,0.68,0.0,0.0030535450098614384
0.98,0.68,0.0,-0.0011036471273429712
1.0,0.68,0.0,0.0016053464812013506
1.02,0.68,0.0,0.0005768946890558279
1.04,0.68,0.0,-4.2053441451267264e-05
1.06,0.68,0.0,0.00021141641325032472
1.08,0.68,0.0,-0.001810479871301332
1.1,0.68,0.0,-0.0003279637219866309
1.12,0.68,0.0,-0.0015602167291887466
1.1400000000000001,0.68,0.0,0.00036351307539150813
1.1600000000000001,0.68,0.0,-0.00037700442299968623
1.18,0.68,0.0,0.0013460681870927005
0.02,0.7000000000000001,0.0,0.00117256155366871
0.04,0.7000000000000001,0.0,0.00032073756929729635
0.06,0.7000000000000001,0.0,-0.00440825089496567
0.08,0.7000000000000001,0.0,0.0022868782197367787
0.1,0.7000000000000001,0.0,-0.003121046911783774
0.12000000000000001,0.7000000000000001,0.0,-0.0021940523461876893
0.13999999999999999,0.7000000000000001,0.0,0.004235229855469343
0.16,0.7000000000000001,0.0,0.03492900137830141
0.18,0.7000000000000001,0.0,0.006367422261228676
0.19999999999999998,0.7000000000000001,0.0,0.031006303844444652
0.22,0.7000000000000001,0.0,-0.004851438343277017
0.24,0.7000000000000001,0.0,0.027389860293399883
0.26,0.7000000000000001,0.0,0.01868725526657518
0.28,0.7000000000000001,0.0,0.004224376744939024
0.30000000000000004,0.7000000000000001,0.0,0.02715469035559256
0.32,0.7000000000000001,0.0,-0.0040646782329912135
0.34,0.7000000000000001,0.0,0.005160124211739384
0.36000000000000004,0.7000000000000001,0.0,-0.0013486257752029264
0.38,0.7000000000000001,0.0,-0.005733021246385977
0.4,0.7000000000000001,0.0,0.019957994983889893
0.42000000000000004,0.7000000000000001,0.0,-0.006315549224687559
0.44,0.7000000000000001,0.0,0.03258535566360158
0.46,0.7000000000000001,0.0,0.014750049081418394
0.48000000000000004,0.7000000000000001,0.0,0.012791272852062087
0.5,0.7000000000000001,0.0,0.02816279112646102
0.52,0.7000000000000001,0.0,0.003590719000257627
0.54,0.7000000000000001,0.0,-0.008059598936010232
0.56,0.7000000000000001,0.0,0.0012567561798615598
0.5800000000000001,0.7000000000000001,0.0,0.0014022685932648295
0.6,0.7000000000000001,0.0,-0.0013512977733343844
0.62,0.7000000000000001,0.0,-6.9251304394643434e-06
0.64,0.7000000000000001,0.0,0.0006325653615969559
0.66,0.7000000000000001,0.0,-0.0005932536315616619
0.68,0.7000000000000001,0.0,-0.0038039156793992215
0.7000000000000001,0.7000000000000001,0.0,0.014011223641242503
0.7200000000000001,0.7000000000000001,0.0,0.0009560279712990075
0.74,0.7000000000000001,0.0,-0.0012118692418542328
0.76,0.7000000000000001,0.0,-0.0016462471555777727
0.78,0.7000000000000001,0.0,-3.904592279944496e-05
0.8,0.7000000000000001,0.0,-0.001635835918593953
0.8200000000000001,0.7000000000000001,0.0,-0.0035357397776161117
0.8400000000000001,0.7000000000000001,0.0,-0.001984871823779543
0.86,0.7000000000000001,0.0,0.002693936835287671
0.88,0.7000000000000001,0.0,0.01092393939569423
0.9,0.7000000000000001,0.0,-0.012104857784432464
0.92,0.7000000000000001,0.0,0.030586097545369215
0.9400000000000001,0.7000000000000001,0.0,-0.0071400871410175785
0.9600000000000001,0.7000000000000001,0.0,0.003760231833077904
0.98,0.7000000000000001,0.0,-0.0035672700627145475
1.0,0.7000000000000001,0.0,5.485971834548581e-05
1.02,0.7000000000000001,0.0,0.002406345155070892
1.04,0.7000000000000001,0.0,0.00018912031215734644
1.06,0.7000000000000001,0.0,0.002955790144002553
1.08,0.7000000000000001,0.0,-0.001111279969465917
1.1,0.7000000000000001,0.0,0.0003509366136128392
1.12,0.7000000000000001,0.0,-0.0014965041601868428
1.1400000000000001,0.7000000000000001,0.0,-0.0006256421727716265
1.1600000000000001,0.7000000000000001,0.0,-0.0011148267816750589
1.18,0.7000000000000001,0.0,0.0004181697671116468
0.02,0.7200000000000001,0.0,-0.003986487520175509
0.04,0.7200000000000001,0.0,-0.0023610192148936903
0.06,0.7200000000000001,0.0,8.565177153939125e-06
0.08,0.7200000000000001,0.0,7.464017134244783e-05
0.1,0.7200000000000001,0.0,-0.001011138071063383
0.12000000000000001,0.7200000000000001,0.0,-0.0018679619765953359
0.13999999999999999,0.7200000000000001,0.0,0.009949020921224046
0.16,0.7200000000000001,0.0,-0.0045066726083822905
0.18,0.7200000000000001,0.0,0.003195090582553168
0.19999999999999998,0.7200000000000001,0.0,-0.013974119460470604
0.22,0.7200000000000001,0.0,0.009347034656186552
0.24,0.7200000000000001,0.0,0.024947812851323324
0.26,0.7200000000000001,0.0,-0.006756961316889808
0.28,0.7200000000000001,0.0,0.007596716387591516
0.30000000000000004,0.7200000000000001,0.0,-0.0019407431164922503
0.32,0.7200000000000001,0.0,0.001630490323362021
0.34,0.7200000000000001,0.0,0.0009590280833876391
0.36000000000000004,0.7200000000000001,0.0,-0.004134022887517462
0.38,0.7200000000000001,0.0,-0.015070072844609317
0.4,0.7200000000000001,0.0,0.038586599422108535
0.42000000000000004,0.7200000000000001,0.0,-0.009300324035538623
0.44,0.7200000000000001,0.0,0.025849192431936608
0.46,0.7200000000000001,0.0,0.020748189683241915
0.48000000000000004,0.7200000000000001,0.0,0.010414003610277391
0.5,0.7200000000000001,0.0,0.035824677691483085
0.52,0.7200000000000001,0.0,-0.004201577918593956
0.54,0.7200000000000001,0.0,0.025556913587207384
0.56,0.7200000000000001,0.0,0.0024281507288181543
0.5800000000000001,0.7200000000000001,0.0,-7.010407494607653e-05
0.6,0.7200000000000001,0.0,-0.003219745406289996
0.62,0.7200000000000001,0.0,-0.006342975183460548
0.64,0.7200000000000001,0.0,0.029969261096854775
0.66,0.7200000000000001,0.0,0.03035084359430133
0.68,0.7200000000000001,0.0,-0.0017896548622794918
0.7000000000000001,0.7200000000000001,0.0,0.021643915230346762
0.7200000000000001,0.7200000000000001,0.0,-0.0032489897659105167
0.74,0.7200000000000001,0.0,0.0002223787619506951
0.76,0.7200000000000001,0.0,0.0020766736596339397
0.78,0.7200000000000001,0.0,0.0019494854456764425
0.8,0.7200000000000001,0.0,0.00031750994061292565
0.8200000000000001,0.7200000000000001,0.0,0.0003674238850236058
0.8400000000000001,0.7200000000000001,0.0,-0.0012205846985415764
0.86,0.7200000000000001,0.0,0.0011368061805869432
0.88,0.7200000000000001,0.0,0.004259401819008262
0.9,0.7200000000000001,0.0,0.017014123214025696
0.92,0.7200000000000001,0.0,-0.005542884629018354
0.9400000000000001,0.7200000000000001,0.0,0.01306946204043153
0.9600000000000001,0.7200000000000001,0.0,0.01059618240212934
0.98,0.7200000000000001,0.0,6.40398719506052e-05
1.0,0.7200000000000001,0.0,-0.0006058387977797029
1.02,0.7200000000000001,0.0,0.0032768998058632388
1.04,0.7200000000000001,0.0,-0.000736849392940724
1.06,0.7200000000000001,0.0,0.0023427726026630856
1.08,0.7200000000000001,0.0,0.001215170324556582
1.1,0.7200000000000001,0.0,0.0023426111343546694
1.12,0.7200000000000001,0.0,0.0009523176648249434
1.1400000000000001,0.7200000000000001,0.0,0.001444911457120921
1.1600000000000001,0.7200000000000001,0.0,-0.0006971419251790272
1.18,0.7200000000000001,0.0,0.00034410148374486245
