scene_id,experiment_id,variable,value,source_count,mic_layout,num_mics,num_pairs,rt60,snr,grid_spacing_m,source_plane_z,search_plane_z,source1_start_sec,source2_start_sec,event_gap_sec,source_distance_cm,true1_x,true1_y,true2_x,true2_y,pred1_x,pred1_y,pred1_score,pred2_x,pred2_y,pred2_score,match1_error_cm,match2_error_cm,mean_error_cm,max_error_cm,num_true_sources,num_pred_peaks,num_hit,both_hit,miss_count,false_alarm_count,num_active_frames,frame_starts_sec,seed,noise_seed,hit_radius_m,min_pred_pair_distance_m,density_sigma_m,cluster_sigma_m,density_weight,cluster_prior_weight,hybrid_score_gamma,peak_threshold_rel,nms_radius_m,max_peak_candidates,frame_sec,hop_sec,max_active_frames,energy_threshold_rel,frames_per_event,min_event_gap_sec,cluster_trim_radius_m
day4_scene_0001,E4_day4_baseline,source_distance,>=30cm,2,mic_8,8,28,0.3,20.0,0.02,0.35,0.35,0.14145508272629448,0.8342685836438108,0.6928135009175164,74.6817519580811,0.19377089176082304,0.46422080222562817,0.9270122305724858,0.6059725098362079,0.9600000000000001,0.56,1.0,0.18000000000000002,0.4600000000000001,0.9472421668804195,1.4403216006023465,5.65832536395979,3.549323482281068,5.65832536395979,2,2,2,True,0,0,4,0.035;0.070;0.700;0.735,20260628,21060628,0.1,0.18,0.045,0.04,0.15,0.85,1.2,0.03,0.08,30,0.24,0.035,8,0.06,2,0.28,0.12
day4_scene_0002,E4_day4_baseline,source_distance,>=30cm,2,mic_8,8,28,0.3,20.0,0.02,0.35,0.35,0.17134107241205218,0.591355418392617,0.42001434598056475,92.30398987431813,0.27347768290746255,0.16764442587013825,1.0822432976344138,0.6125048928787938,1.1200000000000003,0.6200000000000001,1.0,0.26000000000000006,0.18000000000000002,0.6503631729375995,1.8284095510377751,3.8493443653196855,2.83887695817873,3.8493443653196855,2,2,2,True,0,0,4,0.035;0.070;0.455;0.490,20260629,21060629,0.1,0.18,0.045,0.04,0.15,0.85,1.2,0.03,0.08,30,0.24,0.035,8,0.06,2,0.28,0.12
day4_scene_0003,E4_day4_baseline,source_distance,>=30cm,2,mic_8,8,28,0.3,20.0,0.02,0.35,0.35,0.09583932325137752,0.4669172374044576,0.3710779141530801,43.12239796010321,0.49775594042356636,0.38993954406434933,0.08200548352092384,0.504419577992521,0.12000000000000001,0.4800000000000001,1.0,0.5800000000000001,0.38000000000000006,0.8326935178126403,8.284250039574564,4.516524185489992,6.400387112532278,8.284250039574564,2,2,2,True,0,0,4,0.070;0.105;0.350;0.385,20260630,21060630,0.1,0.18,0.045,0.04,0.15,0.85,1.2,0.03,0.08,30,0.24,0.035,8,0.06,2,0.28,0.12
day4_scene_0004,E4_day4_baseline,source_distance,>=30cm,2,mic_8,8,28,0.3,20.0,0.02,0.35,0.35,0.26247358724174424,0.5999284063760258,0.3374548191342816,73.40243472233338,0.39505153909355634,0.3008602444823998,1.1083520605795234,0.12767217224736224,0.4000000000000001,0.32000000000000006,1.0,1.1200000000000003,0.12000000000000001,0.755052889472241,1.9769104851158847,1.3947642085180405,1.6858373468169625,1.9769104851158847,2,2,2,True,0,0,4,0.140;0.175;0.490;0.525,20260631,21060631,0.1,0.18,0.045,0.04,0.15,0.85,1.2,0.03,0.08,30,0.24,0.035,8,0.06,2,0.28,0.12
day4_scene_0005,E4_day4_baseline,source_distance,>=30cm,2,mic_8,8,28,0.3,20.0,0.02,0.35,0.35,0.4759404618318814,0.7847209641346612,0.3087805023027798,46.43212899031214,0.28104153557686534,0.34630233892072054,0.7227867137248586,0.48932491699948477,0.3400000000000001,0.3400000000000001,1.0,0.68,0.52,0.581623091840243,5.929435051508426,5.264659142301141,5.597047096904783,5.929435051508426,2,2,2,True,0,0,4,0.350;0.385;0.630;0.665,20260632,21060632,0.1,0.18,0.045,0.04,0.15,0.85,1.2,0.03,0.08,30,0.24,0.035,8,0.06,2,0.28,0.12
day4_scene_0006,E4_day4_baseline,source_distance,>=30cm,2,mic_8,8,28,0.3,20.0,0.02,0.35,0.35,0.3550721969027962,0.7819454958799812,0.426873298977185,74.94968699163232,0.793905973624058,0.22991458269908527,0.09175400777419987,0.49207517254345035,0.8200000000000001,0.24000000000000005,1.0,0.08,0.52,0.5420115475561781,2.797523645372726,3.029773402804278,2.9136485240885017,3.029773402804278,2,2,2,True,0,0,4,0.245;0.280;0.665;0.700,20260633,21060633,0.1,0.18,0.045,0.04,0.15,0.85,1.2,0.03,0.08,30,0.24,0.035,8,0.06,2,0.28,0.12
day4_scene_0007,E4_day4_baseline,source_distance,>=30cm,2,mic_8,8,28,0.3,20.0,0.02,0.35,0.35,0.07534790741819308,0.7930908988155279,0.7177429913973348,35.03508657167696,0.8129246023740273,0.577305042326408,0.8361299934031425,0.22772352259792494,0.8200000000000001,0.5000000000000001,1.0,0.8400000000000001,0.24000000000000005,0.4539998994888699,7.762815739571137,1.2872018041604105,4.525008771865774,7.762815739571137,2,2,2,True,0,0,4,0.070;0.105;0.665;0.700,20260634,21060634,0.1,0.18,0.045,0.04,0.15,0.85,1.2,0.03,0.08,30,0.24,0.035,8,0.06,2,0.28,0.12
day4_scene_0008,E4_day4_baseline,source_distance,>=30cm,2,mic_8,8,28,0.3,20.0,0.02,0.35,0.35,0.05617485655028123,0.5882272138583272,0.532052357308046,41.729195257243134,0.19416208577310454,0.5006059137914908,0.4883638386812078,0.20467027506659563,0.4800000000000001,0.2,1.0,0.1,0.66,0.9945902643293193,18.51296116654145,0.9579418911548399,9.735451528848145,18.51296116654145,2,2,1,False,1,1,4,0.035;0.070;0.455;0.490,20260635,21060635,0.1,0.18,0.045,0.04,0.15,0.85,1.2,0.03,0.08,30,0.24,0.035,8,0.06,2,0.28,0.12
day4_scene_0009,E4_day4_baseline,source_distance,>=30cm,2,mic_8,8,28,0.3,20.0,0.02,0.35,0.35,0.20624127817704077,0.6656221744254034,0.45938089624836265,46.54087130163792,0.1790040163511909,0.26043676973821217,0.49087898504417155,0.6058919391224823,0.08,0.3400000000000001,1.0,0.54,0.56,0.9254010059423559,12.70122154100036,6.722309265953435,9.711765403476898,12.70122154100036,2,2,1,False,1,1,4,0.105;0.140;0.525;0.560,20260636,21060636,0.1,0.18,0.045,0.04,0.15,0.85,1.2,0.03,0.08,30,0.24,0.035,8,0.06,2,0.28,0.12
day4_scene_0010,E4_day4_baseline,source_distance,>=30cm,2,mic_8,8,28,0.3,20.0,0.02,0.35,0.35,0.07925715698053157,0.3731244808997872,0.29386732391925563,41.58292634470194,0.642552515359218,0.40827596706645086,0.22784581727414116,0.37774187297044776,0.22000000000000003,0.38000000000000006,1.0,0.6200000000000001,0.4000000000000001,0.9017140493852807,2.4023063499744075,0.8164311751813872,1.6093687625778974,2.4023063499744075,2,2,2,True,0,0,4,0.070;0.105;0.245;0.280,20260637,21060637,0.1,0.18,0.045,0.04,0.15,0.85,1.2,0.03,0.08,30,0.24,0.035,8,0.06,2,0.28,0.12
day4_scene_0011,E4_day4_baseline,source_distance,>=30cm,2,mic_8,8,28,0.3,20.0,0.02,0.35,0.35,0.08764310776545806,0.6520237585361394,0.5643806507706813,58.34959365245488,0.8763256350012799,0.09991328412724862,0.4213853265619175,0.46528545561511403,0.8600000000000001,0.08,1.0,0.4200000000000001,0.4600000000000001,0.44722763115188424,2.575005326067393,0.5463988537917477,1.5607020899295705,2.575005326067393,2,2,2,True,0,0,4,0.070;0.105;0.525;0.560,20260638,21060638,0.1,0.18,0.045,0.04,0.15,0.85,1.2,0.03,0.08,30,0.24,0.035,8,0.06,2,0.28,0.12
day4_scene_0012,E4_day4_baseline,source_distance,>=30cm,2,mic_8,8,28,0.3,20.0,0.02,0.35,0.35,0.44545070165108286,0.7685928298955098,0.32314212824442695,81.55745731273876,0.9231776011599884,0.5968475931671422,0.1120882397812908,0.5114313640873178,0.08,0.4200000000000001,1.0,0.9000000000000001,0.54,0.860146335533249,6.1390960608451115,9.689865567245642,7.914480814045376,9.689865567245642,2,2,2,True,0,0,4,0.315;0.350;0.630;0.665,20260639,21060639,0.1,0.18,0.045,0.04,0.15,0.85,1.2,0.03,0.08,30,0.24,0.035,8,0.06,2,0.28,0.12
day4_scene_0013,E4_day4_baseline,source_distance,>=30cm,2,mic_8,8,28,0.3,20.0,0.02,0.35,0.35,0.210492088968518,0.8726390243498052,0.6621469353812872,60.828823076971005,0.3610257281111911,0.20446849745749407,0.8881393968927916,0.5080566261393403,0.8600000000000001,0.52,1.0,0.38000000000000006,0.22000000000000003,0.9081977573014943,2.452041119023731,3.056909937609441,2.754475528316586,3.056909937609441,2,2,2,True,0,0,4,0.105;0.140;0.735;0.770,20260640,21060640,0.1,0.18,0.045,0.04,0.15,0.85,1.2,0.03,0.08,30,0.24,0.035,8,0.06,2,0.28,0.12
day4_scene_0014,E4_day4_baseline,source_distance,>=30cm,2,mic_8,8,28,0.3,20.0,0.02,0.35,0.35,0.04572796077728219,0.660797886263763,0.6150699254864809,53.39954301645498,0.418071934807044,0.31666859833736616,0.8729307716654824,0.596408759859467,0.4000000000000001,0.3400000000000001,1.0,0.8600000000000001,0.5800000000000001,0.6779624791868001,2.9511847302620744,2.089143977782506,2.52016435402229,2.9511847302620744,2,2,2,True,0,0,4,0.035;0.070;0.560;0.595,20260641,21060641,0.1,0.18,0.045,0.04,0.15,0.85,1.2,0.03,0.08,30,0.24,0.035,8,0.06,2,0.28,0.12
day4_scene_0015,E4_day4_baseline,source_distance,>=30cm,2,mic_8,8,28,0.3,20.0,0.02,0.35,0.35,0.34169872116023153,0.6817212029334301,0.34002248177319855,35.25057020520772,1.0829813297514916,0.6022155924594725,1.0280649332485843,0.25401384149551876,1.1000000000000003,0.56,1.0,1.1200000000000003,0.24000000000000005,0.7633899178973388,4.551693513113272,9.299701205979066,6.925697359546168,9.299701205979066,2,2,2,True,0,0,4,0.210;0.245;0.560;0.595,20260642,21060642,0.1,0.18,0.045,0.04,0.15,0.85,1.2,0.03,0.08,30,0.24,0.035,8,0.06,2,0.28,0.12
day4_scene_0016,E4_day4_baseline,source_distance,>=30cm,2,mic_8,8,28,0.3,20.0,0.02,0.35,0.35,0.2933833125206523,0.7193682819726239,0.4259849694519716,37.76011410659477,0.5744282379844668,0.5085917687807809,0.42954111878463547,0.15989369820355565,0.4200000000000001,0.08,1.0,0.6000000000000001,0.52,0.7127242577181225,2.800112055133211,8.046139422296479,5.423125738714845,8.046139422296479,2,2,2,True,0,0,4,0.175;0.210;0.630;0.665,20260643,21060643,0.1,0.18,0.045,0.04,0.15,0.85,1.2,0.03,0.08,30,0.24,0.035,8,0.06,2,0.28,0.12
day4_scene_0017,E4_day4_baseline,source_distance,>=30cm,2,mic_8,8,28,0.3,20.0,0.02,0.35,0.35,0.3398733320120146,0.722018117813926,0.3821447858019114,86.484052288211,1.038108045368421,0.5486458728948187,0.18193240091646035,0.42652955184692903,0.16000000000000003,0.4200000000000001,1.0,1.0600000000000003,0.56,0.9496321730465153,2.4661181640621708,2.2883733464670537,2.377245755264612,2.4661181640621708,2,2,2,True,0,0,4,0.210;0.245;0.595;0.630,20260644,21060644,0.1,0.18,0.045,0.04,0.15,0.85,1.2,0.03,0.08,30,0.24,0.035,8,0.06,2,0.28,0.12
day4_scene_0018,E4_day4_baseline,source_distance,>=30cm,2,mic_8,8,28,0.3,20.0,0.02,0.35,0.35,0.36747856832161846,0.8555097028660069,0.48803113454438846,34.41547990932268,0.3402889153934365,0.1978375273235919,0.11150361674321138,0.4549363660226934,0.16000000000000003,0.38000000000000006,1.0,0.3400000000000001,0.2,0.8268110925204551,0.21816874617543677,8.92600590503748,4.572087325606458,8.92600590503748,2,2,2,True,0,0,4,0.245;0.280;0.735;0.770,20260645,21060645,0.1,0.18,0.045,0.04,0.15,0.85,1.2,0.03,0.08,30,0.24,0.035,8,0.06,2,0.28,0.12
day4_scene_0019,E4_day4_baseline,source_distance,>=30cm,2,mic_8,8,28,0.3,20.0,0.02,0.35,0.35,0.22372542818955976,0.677328090018018,0.4536026618284582,39.78813639211437,0.41074482681223384,0.595974097525449,0.6260546371766019,0.2613829061939834,0.4200000000000001,0.6000000000000001,1.0,0.6000000000000001,0.24000000000000005,0.871796550446411,1.0092874787202282,3.3705678983000102,2.189927688510119,3.3705678983000102,2,2,2,True,0,0,4,0.105;0.140;0.560;0.595,20260646,21060646,0.1,0.18,0.045,0.04,0.15,0.85,1.2,0.03,0.08,30,0.24,0.035,8,0.06,2,0.28,0.12
day4_scene_0020,E4_day4_baseline,source_distance,>=30cm,2,mic_8,8,28,0.3,20.0,0.02,0.35,0.35,0.06704133803178493,0.37469764702546804,0.3076563089936831,78.03824476865424,0.25354538463267945,0.1134266274105519,1.0320963812355708,0.1668598600086627,0.24000000000000005,0.14,1.0,1.0800000000000003,0.08,0.49205727790934617,2.982652469908051,9.91937093340716,6.451011701657606,9.91937093340716,2,2,2,True,0,0,4,0.035;0.070;0.210;0.245,20260647,21060647,0.1,0.18,0.045,0.04,0.15,0.85,1.2,0.03,0.08,30,0.24,0.035,8,0.06,2,0.28,0.12
day4_scene_0021,E4_day4_baseline,source_distance,>=30cm,2,mic_8,8,28,0.3,20.0,0.02,0.35,0.35,0.09132167390531898,0.7550768719327619,0.6637551980274429,36.84044841659084,0.4448264419939082,0.24050881219215808,0.6390973861363354,0.5535274445697834,0.6200000000000001,0.56,1.0,0.4600000000000001,0.24000000000000005,0.7429414977267139,1.518208656315474,2.016442736696278,1.767325696505876,2.016442736696278,2,2,2,True,0,0,4,0.070;0.105;0.665;0.700,20260648,21060648,0.1,0.18,0.045,0.04,0.15,0.85,1.2,0.03,0.08,30,0.24,0.035,8,0.06,2,0.28,0.12
day4_scene_0022,E4_day4_baseline,source_distance,>=30cm,2,mic_8,8,28,0.3,20.0,0.02,0.35,0.35,0.11646197548149653,0.875952318410966,0.7594903429294695,31.57057259157286,0.3397103441849723,0.5771982658479587,0.543657193850119,0.33620907960168916,0.3400000000000001,0.5800000000000001,1.0,0.5800000000000001,0.36000000000000004,0.6932608996281571,0.28166673126044045,4.343739693221265,2.3127032122408524,4.343739693221265,2,2,2,True,0,0,4,0.035;0.070;0.735;0.770,20260649,21060649,0.1,0.18,0.045,0.04,0.15,0.85,1.2,0.03,0.08,30,0.24,0.035,8,0.06,2,0.28,0.12
day4_scene_0023,E4_day4_baseline,source_distance,>=30cm,2,mic_8,8,28,0.3,20.0,0.02,0.35,0.35,0.2308451086182933,0.5958096484798349,0.36496453986154154,52.17446266237933,0.8075387689791832,0.6293393763484331,0.35748733532192667,0.3653864213093778,0.3400000000000001,0.38000000000000006,1.0,0.8000000000000002,0.66,0.8181549165623645,3.15738322099887,2.27895497719571,2.71816909909729,3.15738322099887,2,2,2,True,0,0,4,0.105;0.140;0.455;0.490,20260650,21060650,0.1,0.18,0.045,0.04,0.15,0.85,1.2,0.03,0.08,30,0.24,0.035,8,0.06,2,0.28,0.12
day4_scene_0024,E4_day4_baseline,source_distance,>=30cm,2,mic_8,8,28,0.3,20.0,0.02,0.35,0.35,0.37134883633698534,0.716715527538371,0.34536669120138563,33.37499101339,0.23661781135398052,0.6422325380428189,0.5696407631715487,0.6202162695783388,0.5800000000000001,0.6200000000000001,1.0,0.2,0.66,0.767996331327642,4.070069793941602,1.036149411033268,2.553109602487435,4.070069793941602,2,2,2,True,0,0,4,0.245;0.280;0.595;0.630,20260651,21060651,0.1,0.18,0.045,0.04,0.15,0.85,1.2,0.03,0.08,30,0.24,0.035,8,0.06,2,0.28,0.12
day4_scene_0025,E4_day4_baseline,source_distance,>=30cm,2,mic_8,8,28,0.3,20.0,0.02,0.35,0.35,0.13162375372639115,0.4199217107720043,0.2882979570456131,58.30384805352771,0.26010513592528467,0.2053947186329808,0.7633171707095682,0.49986291357624757,0.32000000000000006,0.26000000000000006,1.0,0.7400000000000001,0.5000000000000001,0.26691204341847646,8.1050178875188,2.331757368567142,5.218387628042971,8.1050178875188,2,2,2,True,0,0,4,0.035;0.070;0.245;0.280,20260652,21060652,0.1,0.18,0.045,0.04,0.15,0.85,1.2,0.03,0.08,30,0.24,0.035,8,0.06,2,0.28,0.12
day4_scene_0026,E4_day4_baseline,source_distance,>=30cm,2,mic_8,8,28,0.3,20.0,0.02,0.35,0.35,0.5417836963996724,0.8480887265802992,0.3063050301806268,35.03506171905376,0.23625189895313847,0.6456835321604375,0.49533765754547215,0.40984433978473084,0.22000000000000003,0.66,1.0,0.56,0.4000000000000001,0.5610259669331575,2.1658381079486313,6.54074120991182,4.353289658930226,6.54074120991182,2,2,2,True,0,0,4,0.420;0.455;0.700;0.735,20260653,21060653,0.1,0.18,0.045,0.04,0.15,0.85,1.2,0.03,0.08,30,0.24,0.035,8,0.06,2,0.28,0.12
day4_scene_0027,E4_day4_baseline,source_distance,>=30cm,2,mic_8,8,28,0.3,20.0,0.02,0.35,0.35,0.12115621996826828,0.7289560839724417,0.6077998640041734,43.92029045300619,0.19901429801544535,0.5773328824812874,0.6321850516520796,0.5047912424287427,0.6200000000000001,0.52,1.0,0.14,0.5800000000000001,0.7705740334780211,5.907453669826297,1.9487990933524193,3.928126381589358,5.907453669826297,2,2,2,True,0,0,4,0.035;0.070;0.595;0.630,20260654,21060654,0.1,0.18,0.045,0.04,0.15,0.85,1.2,0.03,0.08,30,0.24,0.035,8,0.06,2,0.28,0.12
day4_scene_0028,E4_day4_baseline,source_distance,>=30cm,2,mic_8,8,28,0.3,20.0,0.02,0.35,0.35,0.14984095285214344,0.591456088695488,0.4416151358433446,32.949122726690646,1.0948529464683918,0.4464491114757158,0.7988793194330044,0.5912388933851087,1.1000000000000003,0.4000000000000001,1.0,0.7800000000000001,0.5800000000000001,0.7916346238090335,4.673341542130974,2.1971377443739173,3.4352396432524452,4.673341542130974,2,2,2,True,0,0,4,0.035;0.070;0.455;0.490,20260655,21060655,0.1,0.18,0.045,0.04,0.15,0.85,1.2,0.03,0.08,30,0.24,0.035,8,0.06,2,0.28,0.12
day4_scene_0029,E4_day4_baseline,source_distance,>=30cm,2,mic_8,8,28,0.3,20.0,0.02,0.35,0.35,0.33321271730283875,0.6892881240033674,0.3560754067005286,89.35598368467382,0.21723820634030677,0.20520327210527217,1.1099478159700895,0.16623232266584634,1.1200000000000003,0.24000000000000005,1.0,0.22000000000000003,0.24000000000000005,0.7850680698012545,3.4906156711939156,7.444942325530136,5.467778998362026,7.444942325530136,2,2,2,True,0,0,4,0.210;0.245;0.595;0.630,20260656,21060656,0.1,0.18,0.045,0.04,0.15,0.85,1.2,0.03,0.08,30,0.24,0.035,8,0.06,2,0.28,0.12
day4_scene_0030,E4_day4_baseline,source_distance,>=30cm,2,mic_8,8,28,0.3,20.0,0.02,0.35,0.35,0.10871280541719883,0.6358284580704205,0.5271156526532217,40.41610072983053,0.6236663764924888,0.16322260365205576,0.4349671764780475,0.5206281600362433,0.6000000000000001,0.18000000000000002,1.0,0.4600000000000001,0.52,0.9204614376323134,2.90099707773075,2.504070363452983,2.7025337205918665,2.90099707773075,2,2,2,True,0,0,4,0.105;0.140;0.525;0.560,20260657,21060657,0.1,0.18,0.045,0.04,0.15,0.85,1.2,0.03,0.08,30,0.24,0.035,8,0.06,2,0.28,0.12
day4_scene_0031,E4_day4_baseline,source_distance,>=30cm,2,mic_8,8,28,0.3,20.0,0.02,0.35,0.35,0.05692554757109661,0.33752523184485594,0.28059968427375936,38.54337508440705,0.4848965046980987,0.4729622937979212,0.8501227995483357,0.3498000843353722,0.4800000000000001,0.4400000000000001,1.0,0.8600000000000001,0.36000000000000004,0.23277266371264402,3.3323993918481154,1.4198498805432926,2.376124636195704,3.3323993918481154,2,2,2,True,0,0,4,0.035;0.070;0.175;0.210,20260658,21060658,0.1,0.18,0.045,0.04,0.15,0.85,1.2,0.03,0.08,30,0.24,0.035,8,0.06,2,0.28,0.12
day4_scene_0032,E4_day4_baseline,source_distance,>=30cm,2,mic_8,8,28,0.3,20.0,0.02,0.35,0.35,0.13611477446097356,0.7436171507606275,0.607502376299654,51.7479801721281,1.0246201003976265,0.6497941886806207,1.0101199366687597,0.13251757946526815,1.0800000000000003,0.14,1.0,1.0000000000000002,0.66,0.7110250698988274,2.665160273371886,7.027951243596372,4.846555758484129,7.027951243596372,2,2,2,True,0,0,4,0.035;0.070;0.630;0.665,20260659,21060659,0.1,0.18,0.045,0.04,0.15,0.85,1.2,0.03,0.08,30,0.24,0.035,8,0.06,2,0.28,0.12
day4_scene_0033,E4_day4_baseline,source_distance,>=30cm,2,mic_8,8,28,0.3,20.0,0.02,0.35,0.35,0.07248193857358562,0.4768125292775053,0.40433059070391963,41.34683915598337,0.45018899255400285,0.6178307251310209,0.3100047425469953,0.22885195081415832,0.4400000000000001,0.66,1.0,0.3400000000000001,0.22000000000000003,0.5909397459695179,4.338275362677016,3.1274150714101214,3.7328452170435686,4.338275362677016,2,2,2,True,0,0,4,0.070;0.105;0.350;0.385,20260660,21060660,0.1,0.18,0.045,0.04,0.15,0.85,1.2,0.03,0.08,30,0.24,0.035,8,0.06,2,0.28,0.12
day4_scene_0034,E4_day4_baseline,source_distance,>=30cm,2,mic_8,8,28,0.3,20.0,0.02,0.35,0.35,0.23536517562718234,0.655513730605533,0.42014855497835063,33.91650061965745,0.45332552112378355,0.2654604792780782,0.7528609029643959,0.42455622546232086,0.4400000000000001,0.28,1.0,0.7600000000000001,0.4200000000000001,0.9537030314244815,1.9722250785435034,0.8469114295324693,1.4095682540379864,1.9722250785435034,2,2,2,True,0,0,4,0.140;0.175;0.525;0.560,20260661,21060661,0.1,0.18,0.045,0.04,0.15,0.85,1.2,0.03,0.08,30,0.24,0.035,8,0.06,2,0.28,0.12
day4_scene_0035,E4_day4_baseline,source_distance,>=30cm,2,mic_8,8,28,0.3,20.0,0.02,0.35,0.35,0.3900330835319151,0.6865511189267179,0.2965180353948028,51.08740671752591,0.3717937956079001,0.3429317482274682,0.8702926623747269,0.4546957511281364,0.38000000000000006,0.3400000000000001,1.0,0.8600000000000001,0.38000000000000006,0.7469210544126464,0.8714180293876359,7.5401552605742825,4.205786644980959,7.5401552605742825,2,2,2,True,0,0,4,0.280;0.315;0.525;0.560,20260662,21060662,0.1,0.18,0.045,0.04,0.15,0.85,1.2,0.03,0.08,30,0.24,0.035,8,0.06,2,0.28,0.12
day4_scene_0036,E4_day4_baseline,source_distance,>=30cm,2,mic_8,8,28,0.3,20.0,0.02,0.35,0.35,0.0708242982984438,0.46335528263812253,0.3925309843396787,36.76054765055923,0.2562045011850405,0.32700432070505725,0.5971733271912276,0.46438716551788717,0.32000000000000006,0.3400000000000001,1.0,0.6000000000000001,0.38000000000000006,0.7103533610805047,6.510570903835171,8.443449403715954,7.477010153775563,8.443449403715954,2,2,2,True,0,0,4,0.035;0.070;0.350;0.385,20260663,21060663,0.1,0.18,0.045,0.04,0.15,0.85,1.2,0.03,0.08,30,0.24,0.035,8,0.06,2,0.28,0.12
day4_scene_0037,E4_day4_baseline,source_distance,>=30cm,2,mic_8,8,28,0.3,20.0,0.02,0.35,0.35,0.2808811219527402,0.8025272266445787,0.5216461046918385,74.26612998352407,0.894186844702729,0.11073079034408095,0.188423744358415,0.34191092025439784,0.18000000000000002,0.3400000000000001,1.0,0.8800000000000001,0.1,0.9178196186886665,1.7788097819271407,0.8637770848696771,1.321293433398409,1.7788097819271407,2,2,2,True,0,0,4,0.140;0.175;0.665;0.700,20260664,21060664,0.1,0.18,0.045,0.04,0.15,0.85,1.2,0.03,0.08,30,0.24,0.035,8,0.06,2,0.28,0.12
day4_scene_0038,E4_day4_baseline,source_distance,>=30cm,2,mic_8,8,28,0.3,20.0,0.02,0.35,0.35,0.46482775337006355,0.8335571956853384,0.3687294423152748,72.7336155093179,0.16822404030747973,0.30966664568755,0.8916851871260296,0.2346876382940296,0.14,0.3400000000000001,1.0,0.8000000000000002,0.24000000000000005,0.5330016264319368,4.143318519161754,9.183896082398853,6.663607300780304,9.183896082398853,2,2,2,True,0,0,4,0.315;0.350;0.700;0.735,20260665,21060665,0.1,0.18,0.045,0.04,0.15,0.85,1.2,0.03,0.08,30,0.24,0.035,8,0.06,2,0.28,0.12
day4_scene_0039,E4_day4_baseline,source_distance,>=30cm,2,mic_8,8,28,0.3,20.0,0.02,0.35,0.35,0.04667689889245996,0.8591977766743055,0.8125208777818456,69.08599542472469,0.672758452536454,0.0813309217288723,1.1029388327207612,0.6219160832779044,1.1200000000000003,0.6200000000000001,1.0,0.68,0.08,0.9881065068731961,0.7362836567191604,1.716842462365269,1.2265630595422148,1.716842462365269,2,2,2,True,0,0,4,0.035;0.070;0.735;0.770,20260666,21060666,0.1,0.18,0.045,0.04,0.15,0.85,1.2,0.03,0.08,30,0.24,0.035,8,0.06,2,0.28,0.12
day4_scene_0040,E4_day4_baseline,source_distance,>=30cm,2,mic_8,8,28,0.3,20.0,0.02,0.35,0.35,0.29394326808264976,0.598910223598694,0.3049669555160442,48.89343362449438,0.4852213587463958,0.17230630801825828,0.799304610345154,0.5470175251234245,0.5000000000000001,0.18000000000000002,1.0,0.7600000000000001,0.52,0.6696587100577025,1.6661366498959551,4.769485358169422,3.217811004032688,4.769485358169422,2,2,2,True,0,0,4,0.175;0.210;0.455;0.490,20260667,21060667,0.1,0.18,0.045,0.04,0.15,0.85,1.2,0.03,0.08,30,0.24,0.035,8,0.06,2,0.28,0.12
day4_scene_0041,E4_day4_baseline,source_distance,>=30cm,2,mic_8,8,28,0.3,20.0,0.02,0.35,0.35,0.07344672224254797,0.6941531223023115,0.6207064000597635,43.296961114092646,1.0889820396927923,0.4803041772480745,0.7878450564617072,0.16921061977378946,1.1000000000000003,0.5000000000000001,1.0,0.7400000000000001,0.16000000000000003,0.5810281754732842,2.2568138673946554,4.872355636077135,3.564584751735895,4.872355636077135,2,2,2,True,0,0,4,0.070;0.105;0.560;0.595,20260668,21060668,0.1,0.18,0.045,0.04,0.15,0.85,1.2,0.03,0.08,30,0.24,0.035,8,0.06,2,0.28,0.12
day4_scene_0042,E4_day4_baseline,source_distance,>=30cm,2,mic_8,8,28,0.3,20.0,0.02,0.35,0.35,0.37483885196423855,0.7197975046705388,0.3449586527063003,72.9412798609036,0.2345376931579769,0.6007371568412572,0.7980278351454406,0.13757207756863515,0.32000000000000006,0.52,1.0,0.8400000000000001,0.2,0.8168911879852918,11.756825415719106,7.522571449760264,9.639698432739685,11.756825415719106,2,2,1,False,1,1,4,0.245;0.280;0.595;0.630,20260669,21060669,0.1,0.18,0.045,0.04,0.15,0.85,1.2,0.03,0.08,30,0.24,0.035,8,0.06,2,0.28,0.12
day4_scene_0043,E4_day4_baseline,source_distance,>=30cm,2,mic_8,8,28,0.3,20.0,0.02,0.35,0.35,0.09932050949135152,0.6072213847891597,0.5079008752978081,36.85752195209505,0.52049575105244,0.1583434566596382,0.15269970244312903,0.13439018815001313,0.5800000000000001,0.12000000000000001,1.0,0.14,0.4000000000000001,0.8514655006026166,7.078824981183504,26.591324636642206,16.835074808912854,26.591324636642206,2,2,1,False,1,1,4,0.070;0.105;0.490;0.525,20260670,21060670,0.1,0.18,0.045,0.04,0.15,0.85,1.2,0.03,0.08,30,0.24,0.035,8,0.06,2,0.28,0.12
day4_scene_0044,E4_day4_baseline,source_distance,>=30cm,2,mic_8,8,28,0.3,20.0,0.02,0.35,0.35,0.09166177193256769,0.44124936646053503,0.34958759452796734,36.001550964636195,0.2844869376347042,0.18476541708939437,0.31338743566774335,0.5436190479744282,0.30000000000000004,0.24000000000000005,1.0,0.3400000000000001,0.54,0.5034410377753884,5.737171997820992,2.685751456445133,4.211461727133063,5.737171997820992,2,2,2,True,0,0,4,0.070;0.105;0.315;0.350,20260671,21060671,0.1,0.18,0.045,0.04,0.15,0.85,1.2,0.03,0.08,30,0.24,0.035,8,0.06,2,0.28,0.12
day4_scene_0045,E4_day4_baseline,source_distance,>=30cm,2,mic_8,8,28,0.3,20.0,0.02,0.35,0.35,0.21174379055461606,0.7225350855767544,0.5107912950221383,36.09734752074813,0.6315373603950715,0.6079117428798272,0.8397491512629334,0.31303939770828715,0.6200000000000001,0.6200000000000001,1.0,0.8600000000000001,0.32000000000000006,0.7765877984972036,1.6710375372479591,2.141370726508972,1.9062041318784655,2.141370726508972,2,2,2,True,0,0,4,0.070;0.105;0.595;0.630,20260672,21060672,0.1,0.18,0.045,0.04,0.15,0.85,1.2,0.03,0.08,30,0.24,0.035,8,0.06,2,0.28,0.12
day4_scene_0046,E4_day4_baseline,source_distance,>=30cm,2,mic_8,8,28,0.3,20.0,0.02,0.35,0.35,0.3390001061531817,0.7721630755717264,0.43316296941854465,60.177029831063855,0.2522237838938524,0.36379505232733,0.7865325727258321,0.08695284075948076,0.32000000000000006,0.38000000000000006,1.0,0.7400000000000001,0.1,0.5846210314487921,6.968655393073475,4.8327100975873885,5.900682745330432,6.968655393073475,2,2,2,True,0,0,4,0.210;0.245;0.665;0.700,20260673,21060673,0.1,0.18,0.045,0.04,0.15,0.85,1.2,0.03,0.08,30,0.24,0.035,8,0.06,2,0.28,0.12
day4_scene_0047,E4_day4_baseline,source_distance,>=30cm,2,mic_8,8,28,0.3,20.0,0.02,0.35,0.35,0.2188091702346038,0.5725455533582294,0.35373638312362565,49.91428791883844,0.5105932027637737,0.5546836656908711,0.8120996097376273,0.15689289103893542,0.52,0.54,1.0,0.7800000000000001,0.08,0.5467589419217653,1.7438402230844985,8.33240759782763,5.038123910456065,8.33240759782763,2,2,2,True,0,0,4,0.105;0.140;0.420;0.455,20260674,21060674,0.1,0.18,0.045,0.04,0.15,0.85,1.2,0.03,0.08,30,0.24,0.035,8,0.06,2,0.28,0.12
day4_scene_0048,E4_day4_baseline,source_distance,>=30cm,2,mic_8,8,28,0.3,20.0,0.02,0.35,0.35,0.3264231583914506,0.7534895078735075,0.42706634948205696,45.94418357570434,0.5821070221405685,0.5166871673209692,1.0161366603352047,0.3660051391542521,0.6000000000000001,0.54,1.0,1.0000000000000002,0.38000000000000006,0.9035760866628173,2.938786865695769,2.1359961068916067,2.537391486293688,2.938786865695769,2,2,2,True,0,0,4,0.210;0.245;0.630;0.665,20260675,21060675,0.1,0.18,0.045,0.04,0.15,0.85,1.2,0.03,0.08,30,0.24,0.035,8,0.06,2,0.28,0.12
day4_scene_0049,E4_day4_baseline,source_distance,>=30cm,2,mic_8,8,28,0.3,20.0,0.02,0.35,0.35,0.0938157122402956,0.6127201907456914,0.5189044785053958,53.93849017006569,0.2156478539167635,0.25482796819198145,0.6666603297555233,0.5506722157622518,0.2,0.24000000000000005,1.0,0.66,0.56,0.7833423772203988,2.1557457477698585,1.1461568445823334,1.650951296176096,2.1557457477698585,2,2,2,True,0,0,4,0.070;0.105;0.490;0.525,20260676,21060676,0.1,0.18,0.045,0.04,0.15,0.85,1.2,0.03,0.08,30,0.24,0.035,8,0.06,2,0.28,0.12
day4_scene_0050,E4_day4_baseline,source_distance,>=30cm,2,mic_8,8,28,0.3,20.0,0.02,0.35,0.35,0.1326520663266363,0.6764269578397405,0.5437748915131042,56.73020419513707,0.8323871179175847,0.16277876284769505,0.3126280853143394,0.3901158579939412,0.3400000000000001,0.38000000000000006,1.0,0.7800000000000001,0.08,0.8093548293513446,9.796292003766448,2.9181368996547623,6.357214451710605,9.796292003766448,2,2,2,True,0,0,4,0.035;0.070;0.560;0.595,20260677,21060677,0.1,0.18,0.045,0.04,0.15,0.85,1.2,0.03,0.08,30,0.24,0.035,8,0.06,2,0.28,0.12
day4_scene_0051,E4_day4_baseline,source_distance,>=30cm,2,mic_8,8,28,0.3,20.0,0.02,0.35,0.35,0.4276130721044773,0.8219809498058058,0.39436787770132853,53.70331632631539,0.43853772529195706,0.6501487418703411,0.1094683230519608,0.22574569410343254,0.4200000000000001,0.66,1.0,0.1,0.22000000000000003,0.5080124693044961,2.0992726019677193,1.107529422392522,1.6034010121801208,2.0992726019677193,2,2,2,True,0,0,4,0.280;0.315;0.700;0.735,20260678,21060678,0.1,0.18,0.045,0.04,0.15,0.85,1.2,0.03,0.08,30,0.24,0.035,8,0.06,2,0.28,0.12
day4_scene_0052,E4_day4_baseline,source_distance,>=30cm,2,mic_8,8,28,0.3,20.0,0.02,0.35,0.35,0.40268876954205324,0.7469268898869785,0.3442381203449253,44.54748705110814,1.1063839967127924,0.5679882585702836,0.6614112467921665,0.589133283633897,1.1200000000000003,0.54,1.0,0.64,0.66,0.7571969855371365,3.1124558845296204,7.403062189194917,5.257759036862269,7.403062189194917,2,2,2,True,0,0,4,0.280;0.315;0.595;0.630,20260679,21060679,0.1,0.18,0.045,0.04,0.15,0.85,1.2,0.03,0.08,30,0.24,0.035,8,0.06,2,0.28,0.12
day4_scene_0053,E4_day4_baseline,source_distance,>=30cm,2,mic_8,8,28,0.3,20.0,0.02,0.35,0.35,0.07116048362036143,0.6638082695648821,0.5926477859445207,50.21588848155254,0.5669507684638705,0.18695784366297055,1.0672026304536288,0.14323576485887163,0.5800000000000001,0.18000000000000002,1.0,1.0800000000000003,0.16000000000000003,0.540997224119475,1.4788307277097603,2.1090572471448943,1.7939439874273273,2.1090572471448943,2,2,2,True,0,0,4,0.070;0.105;0.525;0.560,20260680,21060680,0.1,0.18,0.045,0.04,0.15,0.85,1.2,0.03,0.08,30,0.24,0.035,8,0.06,2,0.28,0.12
day4_scene_0054,E4_day4_baseline,source_distance,>=30cm,2,mic_8,8,28,0.3,20.0,0.02,0.35,0.35,0.22147668608816154,0.7248655497137206,0.5033888636255591,41.83231307873094,0.8086885121319465,0.49320715467545057,0.3939501846555148,0.43855954289095916,0.8200000000000001,0.4200000000000001,1.0,0.4000000000000001,0.4400000000000001,0.8070951336180662,7.407588847570073,0.6218937400019094,4.014741293785991,7.407588847570073,2,2,2,True,0,0,4,0.105;0.140;0.595;0.630,20260681,21060681,0.1,0.18,0.045,0.04,0.15,0.85,1.2,0.03,0.08,30,0.24,0.035,8,0.06,2,0.28,0.12
day4_scene_0055,E4_day4_baseline,source_distance,>=30cm,2,mic_8,8,28,0.3,20.0,0.02,0.35,0.35,0.3382102366607703,0.8611580008574837,0.5229477641967134,49.94873778737023,0.38136099743304924,0.13249681769566243,0.7904459271965806,0.419092632207168,0.8000000000000002,0.4200000000000001,1.0,0.4000000000000001,0.08,0.8497316158628668,5.570752449052476,0.9597063271882214,3.2652293881203485,5.570752449052476,2,2,2,True,0,0,4,0.210;0.245;0.735;0.770,20260682,21060682,0.1,0.18,0.045,0.04,0.15,0.85,1.2,0.03,0.08,30,0.24,0.035,8,0.06,2,0.28,0.12
day4_scene_0056,E4_day4_baseline,source_distance,>=30cm,2,mic_8,8,28,0.3,20.0,0.02,0.35,0.35,0.456341054447392,0.7422835786472458,0.28594252419985383,47.8860488436173,1.0925838744974654,0.4004212043260477,0.6604371616870767,0.6067136811459879,1.1200000000000003,0.4000000000000001,1.0,0.6200000000000001,0.56,0.776394864554361,2.7419360872475247,6.178456159523827,4.460196123385676,6.178456159523827,2,2,2,True,0,0,4,0.315;0.350;0.595;0.630,20260683,21060683,0.1,0.18,0.045,0.04,0.15,0.85,1.2,0.03,0.08,30,0.24,0.035,8,0.06,2,0.28,0.12
day4_scene_0057,E4_day4_baseline,source_distance,>=30cm,2,mic_8,8,28,0.3,20.0,0.02,0.35,0.35,0.25536087321081175,0.7422196377105391,0.48685876449972737,75.10832584026143,0.36679546654619716,0.45646335887649103,1.105991359649794,0.3233637996305484,1.0800000000000003,0.32000000000000006,1.0,0.4200000000000001,0.38000000000000006,0.21327396087600967,9.315238929148242,2.620812706775126,5.968025817961684,9.315238929148242,2,2,2,True,0,0,4,0.140;0.175;0.630;0.665,20260684,21060684,0.1,0.18,0.045,0.04,0.15,0.85,1.2,0.03,0.08,30,0.24,0.035,8,0.06,2,0.28,0.12
day4_scene_0058,E4_day4_baseline,source_distance,>=30cm,2,mic_8,8,28,0.3,20.0,0.02,0.35,0.35,0.18103018483485017,0.48102528775465425,0.2999951029198041,82.24935013345832,1.0648488974974433,0.41211576899031027,0.2524171842084718,0.2838571592209519,1.0800000000000003,0.4000000000000001,1.0,0.32000000000000006,0.3400000000000001,0.10047249346975204,1.9399684669332946,8.786043228355524,5.363005847644409,8.786043228355524,2,2,2,True,0,0,4,0.070;0.105;0.315;0.350,20260685,21060685,0.1,0.18,0.045,0.04,0.15,0.85,1.2,0.03,0.08,30,0.24,0.035,8,0.06,2,0.28,0.12
day4_scene_0059,E4_day4_baseline,source_distance,>=30cm,2,mic_8,8,28,0.3,20.0,0.02,0.35,0.35,0.0453020235906311,0.5326697209278606,0.48736769733722946,52.77420654050843,1.0049718304028032,0.09957729484479928,0.91263207511111,0.6191781581915555,0.9800000000000001,0.08,1.0,0.8800000000000001,0.6200000000000001,0.6379588130216604,3.173110125896308,3.2642422551263324,3.21867619051132,3.2642422551263324,2,2,2,True,0,0,4,0.035;0.070;0.420;0.455,20260686,21060686,0.1,0.18,0.045,0.04,0.15,0.85,1.2,0.03,0.08,30,0.24,0.035,8,0.06,2,0.28,0.12
day4_scene_0060,E4_day4_baseline,source_distance,>=30cm,2,mic_8,8,28,0.3,20.0,0.02,0.35,0.35,0.10058916726168407,0.40122828055310933,0.30063911329142523,66.43926445756014,1.0406181127598473,0.33910842435488964,0.4088493097934079,0.1334733938651562,1.0800000000000003,0.3400000000000001,1.0,0.4200000000000001,0.12000000000000001,0.5323765986038393,3.939197824084341,1.748914618639285,2.844056221361813,3.939197824084341,2,2,2,True,0,0,4,0.070;0.105;0.245;0.280,20260687,21060687,0.1,0.18,0.045,0.04,0.15,0.85,1.2,0.03,0.08,30,0.24,0.035,8,0.06,2,0.28,0.12
day4_scene_0061,E4_day4_baseline,source_distance,>=30cm,2,mic_8,8,28,0.3,20.0,0.02,0.35,0.35,0.08885905194609596,0.8048679102587237,0.7160088583126277,99.13574581268655,0.18492985463149786,0.6348756684947426,1.012599211275523,0.08920814531215,0.16000000000000003,0.66,1.0,1.0000000000000002,0.08,0.6715244664328585,3.5393921590206463,1.560544984468352,2.549968571744499,3.5393921590206463,2,2,2,True,0,0,4,0.070;0.105;0.700;0.735,20260688,21060688,0.1,0.18,0.045,0.04,0.15,0.85,1.2,0.03,0.08,30,0.24,0.035,8,0.06,2,0.28,0.12
day4_scene_0062,E4_day4_baseline,source_distance,>=30cm,2,mic_8,8,28,0.3,20.0,0.02,0.35,0.35,0.3688193285887204,0.6628449095533073,0.2940255809645869,75.67663507596217,0.3166799135584413,0.12137547575042262,1.0463296037816474,0.3221406101717514,1.0800000000000003,0.3400000000000001,1.0,0.30000000000000004,0.16000000000000003,0.5987534587429517,4.207224013317171,3.8113690277093673,4.009296520513269,4.207224013317171,2,2,2,True,0,0,4,0.245;0.280;0.525;0.560,20260689,21060689,0.1,0.18,0.045,0.04,0.15,0.85,1.2,0.03,0.08,30,0.24,0.035,8,0.06,2,0.28,0.12
day4_scene_0063,E4_day4_baseline,source_distance,>=30cm,2,mic_8,8,28,0.3,20.0,0.02,0.35,0.35,0.3123725741802021,0.7974531689046144,0.4850805947244123,83.18595555870694,0.2077926001566029,0.5278473098515781,0.9789858442912257,0.21599590225072635,1.0000000000000002,0.2,1.0,0.2,0.52,0.7647511010538373,1.1059154086428225,2.6409536704899095,1.8734345395663659,2.6409536704899095,2,2,2,True,0,0,4,0.175;0.210;0.665;0.700,20260690,21060690,0.1,0.18,0.045,0.04,0.15,0.85,1.2,0.03,0.08,30,0.24,0.035,8,0.06,2,0.28,0.12
day4_scene_0064,E4_day4_baseline,source_distance,>=30cm,2,mic_8,8,28,0.3,20.0,0.02,0.35,0.35,0.09047176109466817,0.5557691723012134,0.4652974112065452,43.19947347109499,0.5629307735989678,0.6450307524517499,0.17592305675921005,0.45308159792258335,0.56,0.66,1.0,0.16000000000000003,0.38000000000000006,0.33505627051950243,1.5253452266591947,7.479614757108252,4.502479991883724,7.479614757108252,2,2,2,True,0,0,4,0.070;0.105;0.420;0.455,20260691,21060691,0.1,0.18,0.045,0.04,0.15,0.85,1.2,0.03,0.08,30,0.24,0.035,8,0.06,2,0.28,0.12
day4_scene_0065,E4_day4_baseline,source_distance,>=30cm,2,mic_8,8,28,0.3,20.0,0.02,0.35,0.35,0.0544124460200553,0.42391422046526733,0.36950177444521204,68.24146293039391,0.09286565674111597,0.15501141887176034,0.6180299283277003,0.5907776568216101,0.08,0.18000000000000002,1.0,0.6000000000000001,0.6000000000000001,0.8953776419237763,2.8106125847986214,2.025166485013031,2.417889534905826,2.8106125847986214,2,2,2,True,0,0,4,0.035;0.070;0.315;0.350,20260692,21060692,0.1,0.18,0.045,0.04,0.15,0.85,1.2,0.03,0.08,30,0.24,0.035,8,0.06,2,0.28,0.12
day4_scene_0066,E4_day4_baseline,source_distance,>=30cm,2,mic_8,8,28,0.3,20.0,0.02,0.35,0.35,0.17226765087057644,0.8771019644618261,0.7048343135912496,31.750577994193357,0.4542600166179786,0.32844001341482826,0.7155854753979947,0.14810996907958812,0.4400000000000001,0.32000000000000006,1.0,0.64,0.22000000000000003,0.7317411740442805,1.6570512979008905,10.431366466996849,6.04420888244887,10.431366466996849,2,2,1,False,1,1,4,0.035;0.070;0.770;0.805,20260693,21060693,0.1,0.18,0.045,0.04,0.15,0.85,1.2,0.03,0.08,30,0.24,0.035,8,0.06,2,0.28,0.12
day4_scene_0067,E4_day4_baseline,source_distance,>=30cm,2,mic_8,8,28,0.3,20.0,0.02,0.35,0.35,0.26039670102431184,0.5662756444786938,0.305878943454382,67.09127221114191,0.9299897231791827,0.19285108115215133,0.32014768108144515,0.47252332571892214,0.8800000000000001,0.24000000000000005,1.0,0.32000000000000006,0.4400000000000001,0.678111418721444,6.871675903338523,3.252366101042304,5.062021002190414,6.871675903338523,2,2,2,True,0,0,4,0.140;0.175;0.420;0.455,20260694,21060694,0.1,0.18,0.045,0.04,0.15,0.85,1.2,0.03,0.08,30,0.24,0.035,8,0.06,2,0.28,0.12
day4_scene_0068,E4_day4_baseline,source_distance,>=30cm,2,mic_8,8,28,0.3,20.0,0.02,0.35,0.35,0.29127569848091195,0.6015259628582184,0.3102502643773064,49.47801285696472,0.8422801105668642,0.24191258250291442,0.4491594068650649,0.5423514081370169,0.4400000000000001,0.54,1.0,0.8400000000000001,0.24000000000000005,0.518594614563332,0.2976050407432617,0.9456418685032131,0.6216234546232374,0.9456418685032131,2,2,2,True,0,0,4,0.175;0.210;0.455;0.490,20260695,21060695,0.1,0.18,0.045,0.04,0.15,0.85,1.2,0.03,0.08,30,0.24,0.035,8,0.06,2,0.28,0.12
day4_scene_0069,E4_day4_baseline,source_distance,>=30cm,2,mic_8,8,28,0.3,20.0,0.02,0.35,0.35,0.08597437943121711,0.38765100190826446,0.30167662247704735,78.93780844019321,0.0953479998336157,0.6493032578780308,0.7423560507481978,0.19708832868420434,0.08,0.66,1.0,0.7200000000000001,0.18000000000000002,0.1864292581900848,1.8707789578584062,2.813901175015552,2.342340066436979,2.813901175015552,2,2,2,True,0,0,4,0.070;0.105;0.210;0.245,20260696,21060696,0.1,0.18,0.045,0.04,0.15,0.85,1.2,0.03,0.08,30,0.24,0.035,8,0.06,2,0.28,0.12
day4_scene_0070,E4_day4_baseline,source_distance,>=30cm,2,mic_8,8,28,0.3,20.0,0.02,0.35,0.35,0.17861120916592296,0.8148113535034811,0.6362001443375581,50.417897885345006,0.973583540937638,0.4927376368035477,0.5045141321363089,0.30788544600106,0.9800000000000001,0.5000000000000001,1.0,0.5000000000000001,0.32000000000000006,0.778921025358977,0.9690865085024922,1.292825616768521,1.1309560626355066,1.292825616768521,2,2,2,True,0,0,4,0.070;0.105;0.700;0.735,20260697,21060697,0.1,0.18,0.045,0.04,0.15,0.85,1.2,0.03,0.08,30,0.24,0.035,8,0.06,2,0.28,0.12
day4_scene_0071,E4_day4_baseline,source_distance,>=30cm,2,mic_8,8,28,0.3,20.0,0.02,0.35,0.35,0.06048293535804469,0.7681373156047285,0.7076543802466838,47.41953980923167,0.6756325620178334,0.26761070901650347,0.201839644268613,0.28714392848005366,0.6200000000000001,0.3400000000000001,1.0,0.08,0.38000000000000006,0.7402754866571342,9.129726943212162,15.318991133106502,12.224359038159331,15.318991133106502,2,2,1,False,1,1,4,0.035;0.070;0.665;0.700,20260698,21060698,0.1,0.18,0.045,0.04,0.15,0.85,1.2,0.03,0.08,30,0.24,0.035,8,0.06,2,0.28,0.12
day4_scene_0072,E4_day4_baseline,source_distance,>=30cm,2,mic_8,8,28,0.3,20.0,0.02,0.35,0.35,0.27748901248511243,0.5609461109534439,0.2834570984683315,47.429341822697786,0.9074194280526929,0.6664557987639719,0.43826516523610115,0.5968244534197142,0.4600000000000001,0.6000000000000001,1.0,0.9000000000000001,0.66,0.6150225543785769,0.9834899608536187,2.1965589869101043,1.5900244738818614,2.1965589869101043,2,2,2,True,0,0,4,0.140;0.175;0.420;0.455,20260699,21060699,0.1,0.18,0.045,0.04,0.15,0.85,1.2,0.03,0.08,30,0.24,0.035,8,0.06,2,0.28,0.12
day4_scene_0073,E4_day4_baseline,source_distance,>=30cm,2,mic_8,8,28,0.3,20.0,0.02,0.35,0.35,0.09117760434089674,0.4842907118755641,0.3931131075346674,58.05957944803842,0.8913814519498087,0.17141303730178833,0.35680844350020546,0.39795922509899917,0.8800000000000001,0.18000000000000002,1.0,0.3400000000000001,0.38000000000000006,0.47948405887928996,1.4257397268305314,2.459791737233289,1.9427657320319103,2.459791737233289,2,2,2,True,0,0,4,0.070;0.105;0.385;0.420,20260700,21060700,0.1,0.18,0.045,0.04,0.15,0.85,1.2,0.03,0.08,30,0.24,0.035,8,0.06,2,0.28,0.12
day4_scene_0074,E4_day4_baseline,source_distance,>=30cm,2,mic_8,8,28,0.3,20.0,0.02,0.35,0.35,0.053298337344170374,0.4745915312857873,0.4212931939416169,57.40515866861657,0.4691387305763557,0.645049200780388,0.7562037589010033,0.14792859801897185,0.4600000000000001,0.64,1.0,0.8000000000000002,0.18000000000000002,0.32845142887907397,1.0440824922767706,5.428338198224348,3.2362103452505595,5.428338198224348,2,2,2,True,0,0,4,0.035;0.070;0.350;0.385,20260701,21060701,0.1,0.18,0.045,0.04,0.15,0.85,1.2,0.03,0.08,30,0.24,0.035,8,0.06,2,0.28,0.12
day4_scene_0075,E4_day4_baseline,source_distance,>=30cm,2,mic_8,8,28,0.3,20.0,0.02,0.35,0.35,0.05886663278768034,0.35193147451352574,0.2930648417258454,51.010925681765265,0.4657072218437981,0.3325758177871359,0.9574255063102878,0.196838635657882,0.4600000000000001,0.32000000000000006,1.0,0.9800000000000001,0.22000000000000003,0.4127688861357956,1.3810270605225936,3.234279770729795,2.307653415626194,3.234279770729795,2,2,2,True,0,0,4,0.035;0.070;0.210;0.245,20260702,21060702,0.1,0.18,0.045,0.04,0.15,0.85,1.2,0.03,0.08,30,0.24,0.035,8,0.06,2,0.28,0.12
day4_scene_0076,E4_day4_baseline,source_distance,>=30cm,2,mic_8,8,28,0.3,20.0,0.02,0.35,0.35,0.32955719824652563,0.669595716024561,0.3400385177780354,39.15218842196209,0.7581535872555113,0.2991245832434418,0.3822028629384845,0.4084426453758502,0.7600000000000001,0.38000000000000006,1.0,0.4000000000000001,0.4000000000000001,0.4199047544524426,8.089649112025807,1.9698130584619822,5.029731085243895,8.089649112025807,2,2,2,True,0,0,4,0.210;0.245;0.525;0.560,20260703,21060703,0.1,0.18,0.045,0.04,0.15,0.85,1.2,0.03,0.08,30,0.24,0.035,8,0.06,2,0.28,0.12
day4_scene_0077,E4_day4_baseline,source_distance,>=30cm,2,mic_8,8,28,0.3,20.0,0.02,0.35,0.35,0.3211654541630111,0.7202964659538184,0.39913101179080723,62.34926949331915,0.7953689928729236,0.41913869839011514,0.22585697077099276,0.1653687290942515,0.28,0.18000000000000002,1.0,0.8000000000000002,0.4000000000000001,0.9649824153892544,1.9691013256783574,5.608512906654079,3.7888071161662182,5.608512906654079,2,2,2,True,0,0,4,0.210;0.245;0.595;0.630,20260704,21060704,0.1,0.18,0.045,0.04,0.15,0.85,1.2,0.03,0.08,30,0.24,0.035,8,0.06,2,0.28,0.12
day4_scene_0078,E4_day4_baseline,source_distance,>=30cm,2,mic_8,8,28,0.3,20.0,0.02,0.35,0.35,0.08272014334452688,0.6832737661683789,0.6005536228238519,40.533310109929296,1.0981809120736328,0.5303264192339444,0.6988102729310387,0.5995941277105897,1.1000000000000003,0.52,1.0,0.66,0.5800000000000001,0.22133296488527573,1.0485419165633432,4.34760523244764,2.698073574505492,4.34760523244764,2,2,2,True,0,0,4,0.070;0.105;0.560;0.595,20260705,21060705,0.1,0.18,0.045,0.04,0.15,0.85,1.2,0.03,0.08,30,0.24,0.035,8,0.06,2,0.28,0.12
day4_scene_0079,E4_day4_baseline,source_distance,>=30cm,2,mic_8,8,28,0.3,20.0,0.02,0.35,0.35,0.21170219706008775,0.5538809913477905,0.3421787942877027,51.924000729862186,0.5908015634679783,0.6170989836490973,1.0914701648175533,0.4794721810191839,0.6000000000000001,0.6200000000000001,1.0,1.1000000000000003,0.5000000000000001,0.8223067374665477,0.9645057309411821,2.2229472336267224,1.5937264822839523,2.2229472336267224,2,2,2,True,0,0,4,0.105;0.140;0.420;0.455,20260706,21060706,0.1,0.18,0.045,0.04,0.15,0.85,1.2,0.03,0.08,30,0.24,0.035,8,0.06,2,0.28,0.12
day4_scene_0080,E4_day4_baseline,source_distance,>=30cm,2,mic_8,8,28,0.3,20.0,0.02,0.35,0.35,0.34125623022601403,0.7970018472905088,0.4557456170644948,83.99629527242232,0.13378559662631442,0.296074170948957,0.9638564985868315,0.4246045551686002,0.1,0.36000000000000004,1.0,0.8800000000000001,0.4000000000000001,0.7545546673269271,7.2304758897732375,8.73916271177505,7.984819300774143,8.73916271177505,2,2,2,True,0,0,4,0.210;0.245;0.665;0.700,20260707,21060707,0.1,0.18,0.045,0.04,0.15,0.85,1.2,0.03,0.08,30,0.24,0.035,8,0.06,2,0.28,0.12
day4_scene_0081,E4_day4_baseline,source_distance,>=30cm,2,mic_8,8,28,0.3,20.0,0.02,0.35,0.35,0.13191115312143778,0.7142291302548766,0.5823179771334388,43.39380805779061,0.14983558374319106,0.4743472100991239,0.5800116110989065,0.5313633767897392,0.08,0.4600000000000001,1.0,0.6000000000000001,0.52,0.6086652855621115,7.129411752999437,2.2992651498401475,4.714338451419792,7.129411752999437,2,2,2,True,0,0,4,0.035;0.070;0.595;0.630,20260708,21060708,0.1,0.18,0.045,0.04,0.15,0.85,1.2,0.03,0.08,30,0.24,0.035,8,0.06,2,0.28,0.12
day4_scene_0082,E4_day4_baseline,source_distance,>=30cm,2,mic_8,8,28,0.3,20.0,0.02,0.35,0.35,0.19849778675046537,0.84981672292454,0.6513189361740747,65.36140569575235,0.37789091375478884,0.36583852182442295,1.0268051899580328,0.44407916083058524,1.0800000000000003,0.38000000000000006,1.0,0.38000000000000006,0.36000000000000004,0.7003509681609779,0.6207783975300827,8.328161062415283,4.474469729972683,8.328161062415283,2,2,2,True,0,0,4,0.070;0.105;0.735;0.770,20260709,21060709,0.1,0.18,0.045,0.04,0.15,0.85,1.2,0.03,0.08,30,0.24,0.035,8,0.06,2,0.28,0.12
day4_scene_0083,E4_day4_baseline,source_distance,>=30cm,2,mic_8,8,28,0.3,20.0,0.02,0.35,0.35,0.18890022593657493,0.7832893875323571,0.5943891615957821,53.712029888410875,0.7002306377166375,0.6305040504047562,0.8951781781526236,0.13001062192510696,0.8800000000000001,0.1,1.0,0.7000000000000001,0.64,0.5820552919427687,0.9498750047861385,3.3630559322801727,2.1564654685331557,3.3630559322801727,2,2,2,True,0,0,4,0.070;0.105;0.665;0.700,20260710,21060710,0.1,0.18,0.045,0.04,0.15,0.85,1.2,0.03,0.08,30,0.24,0.035,8,0.06,2,0.28,0.12
day4_scene_0084,E4_day4_baseline,source_distance,>=30cm,2,mic_8,8,28,0.3,20.0,0.02,0.35,0.35,0.2226458539984678,0.7618057128484215,0.5391598588499537,37.58335850473052,0.28664650794036484,0.6144670770934505,0.6346070136864932,0.47243056738412065,0.36000000000000004,0.66,1.0,0.6200000000000001,0.4000000000000001,0.742256480127766,8.633644575587269,7.388878088331833,8.01126133195955,8.633644575587269,2,2,2,True,0,0,4,0.105;0.140;0.630;0.665,20260711,21060711,0.1,0.18,0.045,0.04,0.15,0.85,1.2,0.03,0.08,30,0.24,0.035,8,0.06,2,0.28,0.12
day4_scene_0085,E4_day4_baseline,source_distance,>=30cm,2,mic_8,8,28,0.3,20.0,0.02,0.35,0.35,0.05240603895048093,0.84367389646757,0.7912678575170891,104.39684523096308,0.11523007511667202,0.17095095063349794,1.0584995954934124,0.6182905770316073,0.08,0.08,1.0,1.1000000000000003,0.66,0.6150889536117712,9.753580682940665,5.883841889927624,7.818711286434144,9.753580682940665,2,2,2,True,0,0,4,0.035;0.070;0.700;0.735,20260712,21060712,0.1,0.18,0.045,0.04,0.15,0.85,1.2,0.03,0.08,30,0.24,0.035,8,0.06,2,0.28,0.12
day4_scene_0086,E4_day4_baseline,source_distance,>=30cm,2,mic_8,8,28,0.3,20.0,0.02,0.35,0.35,0.10363974278441307,0.4322117641109576,0.3285720213265445,56.13879419328518,0.29517799591366356,0.6422335454829924,0.091877980789478,0.11895013737787297,0.30000000000000004,0.64,1.0,0.08,0.12000000000000001,0.5909721092906641,0.5314174332221459,1.1924287784205299,0.8619231058213379,1.1924287784205299,2,2,2,True,0,0,4,0.070;0.105;0.315;0.350,20260713,21060713,0.1,0.18,0.045,0.04,0.15,0.85,1.2,0.03,0.08,30,0.24,0.035,8,0.06,2,0.28,0.12
day4_scene_0087,E4_day4_baseline,source_distance,>=30cm,2,mic_8,8,28,0.3,20.0,0.02,0.35,0.35,0.07349121335360562,0.5434156627055842,0.4699244493519785,91.61006328768292,1.0765118606518027,0.6498257507486167,0.3006038117818493,0.16278666683835308,1.1000000000000003,0.66,1.0,0.32000000000000006,0.16000000000000003,0.6264872018013347,2.5597031817568663,1.9595347138081192,2.2596189477824926,2.5597031817568663,2,2,2,True,0,0,4,0.070;0.105;0.420;0.455,20260714,21060714,0.1,0.18,0.045,0.04,0.15,0.85,1.2,0.03,0.08,30,0.24,0.035,8,0.06,2,0.28,0.12
day4_scene_0088,E4_day4_baseline,source_distance,>=30cm,2,mic_8,8,28,0.3,20.0,0.02,0.35,0.35,0.16452094613085952,0.5639329824594658,0.3994120363286062,46.883108653457064,0.24127914735037082,0.09611501751337442,0.6597856316603182,0.30743210222664075,0.6200000000000001,0.36000000000000004,1.0,0.32000000000000006,0.1,0.49764970119661595,7.881665896754332,6.592632526480497,7.237149211617414,7.881665896754332,2,2,2,True,0,0,4,0.035;0.070;0.455;0.490,20260715,21060715,0.1,0.18,0.045,0.04,0.15,0.85,1.2,0.03,0.08,30,0.24,0.035,8,0.06,2,0.28,0.12
day4_scene_0089,E4_day4_baseline,source_distance,>=30cm,2,mic_8,8,28,0.3,20.0,0.02,0.35,0.35,0.4163053995336874,0.7142016310133932,0.2978962314797058,36.50838930121489,0.15237498129049792,0.5641726448276653,0.5100100484169295,0.49080093571319144,0.16000000000000003,0.5800000000000001,1.0,0.54,0.52,0.8232329277648527,1.7568326103288563,4.185669063817746,2.971250837073301,4.185669063817746,2,2,2,True,0,0,4,0.280;0.315;0.560;0.595,20260716,21060716,0.1,0.18,0.045,0.04,0.15,0.85,1.2,0.03,0.08,30,0.24,0.035,8,0.06,2,0.28,0.12
day4_scene_0090,E4_day4_baseline,source_distance,>=30cm,2,mic_8,8,28,0.3,20.0,0.02,0.35,0.35,0.34969466279377676,0.7411423399593221,0.39144767716554535,39.503980864759534,0.23494076789739715,0.408968567216627,0.5887970374618678,0.23334911810507397,0.6000000000000001,0.22000000000000003,1.0,0.3400000000000001,0.4000000000000001,0.8900907819238592,10.544134600766318,1.7427143306176358,6.143424465691977,10.544134600766318,2,2,1,False,1,1,4,0.245;0.280;0.595;0.630,20260717,21060717,0.1,0.18,0.045,0.04,0.15,0.85,1.2,0.03,0.08,30,0.24,0.035,8,0.06,2,0.28,0.12
day4_scene_0091,E4_day4_baseline,source_distance,>=30cm,2,mic_8,8,28,0.3,20.0,0.02,0.35,0.35,0.4469540764339171,0.749918566990973,0.30296449055705593,42.10829478309012,0.9462387687825995,0.626562887763348,0.6123235273399366,0.3700254431548668,0.9400000000000002,0.6200000000000001,1.0,0.6000000000000001,0.38000000000000006,0.9312586515406716,0.9055039023496115,1.5854371963435083,1.2454705493465599,1.5854371963435083,2,2,2,True,0,0,4,0.315;0.350;0.595;0.630,20260718,21060718,0.1,0.18,0.045,0.04,0.15,0.85,1.2,0.03,0.08,30,0.24,0.035,8,0.06,2,0.28,0.12
day4_scene_0092,E4_day4_baseline,source_distance,>=30cm,2,mic_8,8,28,0.3,20.0,0.02,0.35,0.35,0.30955515765500685,0.8071498784045165,0.4975947207495096,44.432163338251115,0.5108374945580851,0.5546014689731318,0.10874541783331312,0.36554148979492823,0.08,0.38000000000000006,1.0,0.52,0.54,0.5755554318596008,1.7238167018173625,3.2176817178862214,2.470749209851792,3.2176817178862214,2,2,2,True,0,0,4,0.175;0.210;0.700;0.735,20260719,21060719,0.1,0.18,0.045,0.04,0.15,0.85,1.2,0.03,0.08,30,0.24,0.035,8,0.06,2,0.28,0.12
day4_scene_0093,E4_day4_baseline,source_distance,>=30cm,2,mic_8,8,28,0.3,20.0,0.02,0.35,0.35,0.07231470876454188,0.7567969973993623,0.6844822886348205,47.401640697341634,0.7277088503783629,0.4491843510379052,1.0632202376538775,0.1143356343187768,0.7400000000000001,0.38000000000000006,1.0,1.0800000000000003,0.14,0.45199406953869026,7.026767953730621,3.066300849903524,5.046534401817072,7.026767953730621,2,2,2,True,0,0,4,0.035;0.070;0.630;0.665,20260720,21060720,0.1,0.18,0.045,0.04,0.15,0.85,1.2,0.03,0.08,30,0.24,0.035,8,0.06,2,0.28,0.12
day4_scene_0094,E4_day4_baseline,source_distance,>=30cm,2,mic_8,8,28,0.3,20.0,0.02,0.35,0.35,0.09458202096698994,0.5543549750712254,0.4597729541042355,33.58393307038902,0.8090201278998418,0.23222142239241922,0.5217044374420333,0.4061114740468762,0.8200000000000001,0.24000000000000005,1.0,0.5800000000000001,0.38000000000000006,0.7936426355306235,1.3455997210648933,6.387629991515241,3.866614856290067,6.387629991515241,2,2,2,True,0,0,4,0.070;0.105;0.420;0.455,20260721,21060721,0.1,0.18,0.045,0.04,0.15,0.85,1.2,0.03,0.08,30,0.24,0.035,8,0.06,2,0.28,0.12
day4_scene_0095,E4_day4_baseline,source_distance,>=30cm,2,mic_8,8,28,0.3,20.0,0.02,0.35,0.35,0.2456261596721942,0.5348898939028186,0.2892637342306244,34.33331479398426,0.858312276160647,0.6407846512148747,0.7308160495236016,0.32200202517073634,0.8600000000000001,0.66,1.0,0.7400000000000001,0.3400000000000001,0.9883958650423357,1.928932452658563,2.0205742854637934,1.9747533690611783,2.0205742854637934,2,2,2,True,0,0,4,0.140;0.175;0.385;0.420,20260722,21060722,0.1,0.18,0.045,0.04,0.15,0.85,1.2,0.03,0.08,30,0.24,0.035,8,0.06,2,0.28,0.12
day4_scene_0096,E4_day4_baseline,source_distance,>=30cm,2,mic_8,8,28,0.3,20.0,0.02,0.35,0.35,0.05416460200798453,0.8022961137892409,0.7481315117812564,62.407781189098856,0.4947275779507618,0.19316755206071703,1.082643556301973,0.4025187347513872,1.1200000000000003,0.36000000000000004,1.0,0.56,0.2,0.9588771332038265,6.562904406599945,5.659811561017476,6.111357983808711,6.562904406599945,2,2,2,True,0,0,4,0.035;0.070;0.665;0.700,20260723,21060723,0.1,0.18,0.045,0.04,0.15,0.85,1.2,0.03,0.08,30,0.24,0.035,8,0.06,2,0.28,0.12
day4_scene_0097,E4_day4_baseline,source_distance,>=30cm,2,mic_8,8,28,0.3,20.0,0.02,0.35,0.35,0.38692226586593703,0.7784066580428468,0.3914843921769098,44.033300052441135,0.30535388911620703,0.5945430155665478,0.40074314083210844,0.16466624019026432,0.28,0.56,1.0,0.38000000000000006,0.2,0.5933955304027229,4.284903286828861,4.097258197713167,4.191080742271014,4.284903286828861,2,2,2,True,0,0,4,0.280;0.315;0.665;0.700,20260724,21060724,0.1,0.18,0.045,0.04,0.15,0.85,1.2,0.03,0.08,30,0.24,0.035,8,0.06,2,0.28,0.12
day4_scene_0098,E4_day4_baseline,source_distance,>=30cm,2,mic_8,8,28,0.3,20.0,0.02,0.35,0.35,0.3827505538919123,0.7532331900036159,0.37048263611170357,30.85826795309725,0.8290351733296961,0.31556485611060325,1.1190654468007277,0.2101812208685339,1.1000000000000003,0.22000000000000003,1.0,0.7600000000000001,0.38000000000000006,0.6737784822486643,9.443380181221363,2.144527186453652,5.793953683837508,9.443380181221363,2,2,2,True,0,0,4,0.245;0.280;0.630;0.665,20260725,21060725,0.1,0.18,0.045,0.04,0.15,0.85,1.2,0.03,0.08,30,0.24,0.035,8,0.06,2,0.28,0.12
day4_scene_0099,E4_day4_baseline,source_distance,>=30cm,2,mic_8,8,28,0.3,20.0,0.02,0.35,0.35,0.17161095732292092,0.5668900048231431,0.3952790475002222,44.771821160750115,0.41629615495628347,0.47793086081700287,0.8612769633958919,0.4284972980741486,0.4000000000000001,0.4000000000000001,1.0,0.8800000000000001,0.4400000000000001,0.5330563525367893,7.961647903567616,2.1974172368345637,5.07953257020109,7.961647903567616,2,2,2,True,0,0,4,0.070;0.105;0.455;0.490,20260726,21060726,0.1,0.18,0.045,0.04,0.15,0.85,1.2,0.03,0.08,30,0.24,0.035,8,0.06,2,0.28,0.12
day4_scene_0100,E4_day4_baseline,source_distance,>=30cm,2,mic_8,8,28,0.3,20.0,0.02,0.35,0.35,0.040752077076639845,0.44828194845984404,0.4075298713832042,77.84431337284275,0.23746729512497722,0.6615471955136091,0.9559472842580248,0.36194709927812657,0.32000000000000006,0.6200000000000001,1.0,0.8600000000000001,0.38000000000000006,0.7378878153658468,9.240030751590425,9.763087923891709,9.501559337741067,9.763087923891709,2,2,2,True,0,0,4,0.035;0.070;0.315;0.350,20260727,21060727,0.1,0.18,0.045,0.04,0.15,0.85,1.2,0.03,0.08,30,0.24,0.035,8,0.06,2,0.28,0.12
