scene_id,source_id,experiment_id,variable,value,source_count,mic_layout,num_mics,rt60,snr,true_x,true_y,true_z,pred_x,pred_y,pred_z,error_cm,score,matched,seed
scene_0001,source_001,E1,mic_count,4,1,mic_4,4,0.3,20.0,0.91315373790865,0.24987425323090112,0.35,0.9000000000000001,0.3400000000000001,0.35,9.10805745022351,0.6427811351320658,True,20260627
scene_0002,source_001,E1,mic_count,4,1,mic_4,4,0.3,20.0,0.28490299279029135,0.15044814792901381,0.35,0.30000000000000004,0.16000000000000003,0.35,1.7864979839787112,0.5920780847099788,True,20260628
scene_0003,source_001,E1,mic_count,4,1,mic_4,4,0.3,20.0,0.9606201638731728,0.5449016856152197,0.35,1.0800000000000003,0.36000000000000004,0.35,22.00912960955469,0.6084618670538146,False,20260629
scene_0004,source_001,E1,mic_count,4,1,mic_4,4,0.3,20.0,0.4116381790591716,0.5823789933975991,0.35,0.4400000000000001,0.64,0.35,6.42228408664203,0.6342129305988823,True,20260630
scene_0005,source_001,E1,mic_count,4,1,mic_4,4,0.3,20.0,1.0196204002269478,0.6159782749667391,0.35,1.0400000000000003,0.54,0.35,7.866400926618986,0.6286476155807144,True,20260631
scene_0006,source_001,E1,mic_count,4,1,mic_4,4,0.3,20.0,1.094307653923706,0.5733269789091149,0.35,1.1200000000000003,0.5800000000000001,0.35,2.654478964662322,0.720937915450188,True,20260632
scene_0007,source_001,E1,mic_count,4,1,mic_4,4,0.3,20.0,0.8509747096579159,0.4141621795610436,0.35,0.22000000000000003,0.38000000000000006,0.35,63.18988358434064,0.5896796573721867,False,20260633
scene_0008,source_001,E1,mic_count,4,1,mic_4,4,0.3,20.0,0.2305753021619123,0.4509116197272055,0.35,0.6000000000000001,0.38000000000000006,0.35,37.61689317116689,0.6855514783789336,False,20260634
scene_0009,source_001,E1,mic_count,4,1,mic_4,4,0.3,20.0,0.5220358238642889,0.4679121573325631,0.35,0.5800000000000001,0.4000000000000001,0.35,8.92855353831433,0.5619538960301322,True,20260635
scene_0010,source_001,E1,mic_count,4,1,mic_4,4,0.3,20.0,1.0224518580646798,0.6523153775791968,0.35,0.9800000000000001,0.66,0.35,4.314178571749226,0.6754389428359358,True,20260636
scene_0011,source_001,E1,mic_count,4,1,mic_4,4,0.3,20.0,0.09847315520396024,0.283491514796888,0.35,0.08,0.3400000000000001,0.35,5.945137814331926,0.5326871185801819,True,20260637
scene_0012,source_001,E1,mic_count,4,1,mic_4,4,0.3,20.0,0.4495819301539913,0.4288512450144497,0.35,0.4400000000000001,0.36000000000000004,0.35,6.951479932730688,0.672703214612696,True,20260638
scene_0013,source_001,E1,mic_count,4,1,mic_4,4,0.3,20.0,0.45163029930715287,0.113007526181993,0.35,0.4400000000000001,0.08,0.35,3.499658049908464,0.6662344619314822,True,20260639
scene_0014,source_001,E1,mic_count,4,1,mic_4,4,0.3,20.0,0.3065697040072544,0.6164446478443705,0.35,0.28,0.56,0.35,6.238547460193038,0.6445468999896607,True,20260640
scene_0015,source_001,E1,mic_count,4,1,mic_4,4,0.3,20.0,0.4937844353414752,0.408594970371285,0.35,0.56,0.4000000000000001,0.35,6.677106048828751,0.7348135565003936,True,20260641
scene_0016,source_001,E1,mic_count,4,1,mic_4,4,0.3,20.0,0.4649953139608252,0.6341734895235459,0.35,0.4800000000000001,0.16000000000000003,0.35,47.44108333186232,0.5933285698726356,False,20260642
scene_0017,source_001,E1,mic_count,4,1,mic_4,4,0.3,20.0,0.1859284375253824,0.3862911620522877,0.35,0.22000000000000003,0.38000000000000006,0.35,3.4647512023663625,0.6889209575840799,True,20260643
scene_0018,source_001,E1,mic_count,4,1,mic_4,4,0.3,20.0,0.2471042802545702,0.24185952611598088,0.35,0.6000000000000001,0.3400000000000001,0.35,36.628805826674835,0.6768255042670163,False,20260644
scene_0019,source_001,E1,mic_count,4,1,mic_4,4,0.3,20.0,0.9879899635925242,0.2714508838831799,0.35,0.6000000000000001,0.36000000000000004,0.35,39.79662772316246,0.6014072459215987,False,20260645
scene_0020,source_001,E1,mic_count,4,1,mic_4,4,0.3,20.0,1.0865441576090178,0.5403427921843991,0.35,1.1200000000000003,0.56,0.35,3.8803340180917267,0.6374620819350538,True,20260646
scene_0021,source_001,E1,mic_count,4,1,mic_4,4,0.3,20.0,0.842195429424598,0.2079908062852881,0.35,0.8000000000000002,0.18000000000000002,0.35,5.063535820774591,0.6350595835785805,True,20260647
scene_0022,source_001,E1,mic_count,4,1,mic_4,4,0.3,20.0,0.16059600051802178,0.15919361807085852,0.35,0.2,0.16000000000000003,0.35,3.9412249707310374,0.6062003937639142,True,20260648
scene_0023,source_001,E1,mic_count,4,1,mic_4,4,0.3,20.0,0.9381766747458229,0.5210068394667083,0.35,0.9000000000000001,0.4000000000000001,0.35,12.6886223414404,0.6083027468867267,False,20260649
scene_0024,source_001,E1,mic_count,4,1,mic_4,4,0.3,20.0,0.1571743935650829,0.4580429760398142,0.35,0.26000000000000006,0.4000000000000001,0.35,11.807663785129941,0.5815165670572846,False,20260650
scene_0025,source_001,E1,mic_count,4,1,mic_4,4,0.3,20.0,0.35878053338996857,0.33664244743901645,0.35,0.36000000000000004,0.3400000000000001,0.35,0.35721503345673195,0.6329161949997251,True,20260651
scene_0026,source_001,E1,mic_count,4,1,mic_4,4,0.3,20.0,0.8382648435522316,0.39711726553020493,0.35,0.8200000000000001,0.4000000000000001,0.35,1.8490934752219537,0.7160445507943697,True,20260652
scene_0027,source_001,E1,mic_count,4,1,mic_4,4,0.3,20.0,0.17413013419597273,0.5413371046117295,0.35,0.12000000000000001,0.54,0.35,5.414664603478893,0.6814003143382947,True,20260653
scene_0028,source_001,E1,mic_count,4,1,mic_4,4,0.3,20.0,0.7140792959859823,0.48394441623276513,0.35,0.7200000000000001,0.4000000000000001,0.35,8.415295450951984,0.6157909901705766,True,20260654
scene_0029,source_001,E1,mic_count,4,1,mic_4,4,0.3,20.0,0.8359175482022422,0.49158505909396566,0.35,0.32000000000000006,0.4000000000000001,0.35,52.398352988644405,0.617892650753287,False,20260655
scene_0030,source_001,E1,mic_count,4,1,mic_4,4,0.3,20.0,0.2816634964931603,0.08602194687590838,0.35,1.1200000000000003,0.66,0.35,101.60014264656307,0.6159991596403958,False,20260656
scene_0031,source_001,E1,mic_count,4,1,mic_4,4,0.3,20.0,1.0808523467099977,0.3304179764471413,0.35,1.1200000000000003,0.32000000000000006,0.35,4.051015911308471,0.691701166246706,True,20260657
scene_0032,source_001,E1,mic_count,4,1,mic_4,4,0.3,20.0,0.9571532491424077,0.3560065583671004,0.35,0.9200000000000002,0.38000000000000006,0.35,4.4227244581017855,0.6173253002119549,True,20260658
scene_0033,source_001,E1,mic_count,4,1,mic_4,4,0.3,20.0,1.104402647505421,0.6554898977639605,0.35,1.0600000000000003,0.66,0.35,4.463111165622215,0.6915717515203863,True,20260659
scene_0034,source_001,E1,mic_count,4,1,mic_4,4,0.3,20.0,1.0774154973452033,0.631195539492706,0.35,1.1200000000000003,0.64,0.35,4.348515138735197,0.6724908684376071,True,20260660
scene_0035,source_001,E1,mic_count,4,1,mic_4,4,0.3,20.0,0.660505642347543,0.184629172196087,0.35,0.6000000000000001,0.24000000000000005,0.35,8.201744526367165,0.6766289150441935,True,20260661
scene_0036,source_001,E1,mic_count,4,1,mic_4,4,0.3,20.0,0.9135425399173397,0.11727817583086708,0.35,0.9600000000000001,0.5000000000000001,0.35,38.553117940405386,0.7008860994755168,False,20260662
scene_0037,source_001,E1,mic_count,4,1,mic_4,4,0.3,20.0,0.45512684354363786,0.42081693447440405,0.35,0.5800000000000001,0.32000000000000006,0.35,16.04909950127775,0.6769206088459521,False,20260663
scene_0038,source_001,E1,mic_count,4,1,mic_4,4,0.3,20.0,0.213758747427372,0.40330812285423906,0.35,0.2,0.38000000000000006,0.35,2.7066062176802035,0.7570074953975342,True,20260664
scene_0039,source_001,E1,mic_count,4,1,mic_4,4,0.3,20.0,0.2979686873412104,0.39375142041506084,0.35,0.5800000000000001,0.38000000000000006,0.35,28.23663628753817,0.6942474038107176,False,20260665
scene_0040,source_001,E1,mic_count,4,1,mic_4,4,0.3,20.0,0.10314530018681942,0.6273975564990586,0.35,0.08,0.66,0.35,3.998279933884147,0.6534809832313097,True,20260666
scene_0041,source_001,E1,mic_count,4,1,mic_4,4,0.3,20.0,0.15256960220897903,0.3382610832840304,0.35,0.54,0.36000000000000004,0.35,38.80398093398313,0.6909643578896183,False,20260667
scene_0042,source_001,E1,mic_count,4,1,mic_4,4,0.3,20.0,1.017150404822299,0.5890297112312395,0.35,0.6000000000000001,0.4000000000000001,0.35,45.79811043826739,0.5811344317851639,False,20260668
scene_0043,source_001,E1,mic_count,4,1,mic_4,4,0.3,20.0,0.9951139715426243,0.21177701145416095,0.35,1.0800000000000003,0.14,0.35,11.116464006399339,0.5885906679248892,False,20260669
scene_0044,source_001,E1,mic_count,4,1,mic_4,4,0.3,20.0,0.6785369006482386,0.3315381533168737,0.35,0.6200000000000001,0.38000000000000006,0.35,7.599420584123888,0.5610679829457246,True,20260670
scene_0045,source_001,E1,mic_count,4,1,mic_4,4,0.3,20.0,0.31927527494403074,0.6681431688698649,0.35,0.32000000000000006,0.66,0.35,0.8175354772111497,0.6201269958576499,True,20260671
scene_0046,source_001,E1,mic_count,4,1,mic_4,4,0.3,20.0,0.4138052125113325,0.11519533297297213,0.35,0.4200000000000001,0.08,0.35,3.573635201175592,0.5813806245288882,True,20260672
scene_0047,source_001,E1,mic_count,4,1,mic_4,4,0.3,20.0,0.20919442250343712,0.538257649151311,0.35,0.2,0.4200000000000001,0.35,11.861453953022059,0.5384747955227923,False,20260673
scene_0048,source_001,E1,mic_count,4,1,mic_4,4,0.3,20.0,0.4304552938646173,0.18007152400070336,0.35,0.4000000000000001,0.32000000000000006,0.35,14.320441096511638,0.5935485288977268,False,20260674
scene_0049,source_001,E1,mic_count,4,1,mic_4,4,0.3,20.0,0.2584009484260853,0.3312095523831847,0.35,0.30000000000000004,0.3400000000000001,0.35,4.251767939520211,0.6242431472344291,True,20260675
scene_0050,source_001,E1,mic_count,4,1,mic_4,4,0.3,20.0,0.32652002826916526,0.47473707920007885,0.35,0.56,0.2,0.35,36.05459192486053,0.6329740624487336,False,20260676
scene_0051,source_001,E1,mic_count,4,1,mic_4,4,0.3,20.0,0.9080062099714555,0.40148355467278196,0.35,0.8600000000000001,0.4000000000000001,0.35,4.80291279359786,0.6988939670530154,True,20260677
scene_0052,source_001,E1,mic_count,4,1,mic_4,4,0.3,20.0,0.8282174148362811,0.08742164362794756,0.35,0.8200000000000001,0.08,0.35,1.1072791009126206,0.6652982148543406,True,20260678
scene_0053,source_001,E1,mic_count,4,1,mic_4,4,0.3,20.0,0.6696996240145393,0.33132768927679335,0.35,0.6200000000000001,0.3400000000000001,0.35,5.045058572966629,0.7019511215131254,True,20260679
scene_0054,source_001,E1,mic_count,4,1,mic_4,4,0.3,20.0,0.11021623263815401,0.3118214166401445,0.35,0.08,0.36000000000000004,0.35,5.686999744509922,0.6365666189177153,True,20260680
scene_0055,source_001,E1,mic_count,4,1,mic_4,4,0.3,20.0,0.994762534527545,0.5672558981489705,0.35,0.9800000000000001,0.52,0.35,4.9508103736083715,0.6220302957771691,True,20260681
scene_0056,source_001,E1,mic_count,4,1,mic_4,4,0.3,20.0,0.816201665026683,0.5867439099410949,0.35,1.1200000000000003,0.4200000000000001,0.35,34.655008272254655,0.5703852550664984,False,20260682
scene_0057,source_001,E1,mic_count,4,1,mic_4,4,0.3,20.0,0.3659658544183925,0.6453093319080601,0.35,0.4000000000000001,0.66,0.35,3.7069378123426895,0.6247919079789566,True,20260683
scene_0058,source_001,E1,mic_count,4,1,mic_4,4,0.3,20.0,0.15921999320464417,0.25353679869070556,0.35,0.8400000000000001,0.3400000000000001,0.35,68.6248717909867,0.5600919708770941,False,20260684
scene_0059,source_001,E1,mic_count,4,1,mic_4,4,0.3,20.0,0.5334721216308156,0.4214407565288687,0.35,0.5800000000000001,0.4000000000000001,0.35,5.123035727054661,0.7129895682204918,True,20260685
scene_0060,source_001,E1,mic_count,4,1,mic_4,4,0.3,20.0,0.7703121542452164,0.4699099661338723,0.35,0.7800000000000001,0.38000000000000006,0.35,9.043039514213424,0.6781925468212651,True,20260686
scene_0061,source_001,E1,mic_count,4,1,mic_4,4,0.3,20.0,0.7117273976243993,0.22178073581573643,0.35,0.6200000000000001,0.38000000000000006,0.35,18.288589621388095,0.6347383416466476,False,20260687
scene_0062,source_001,E1,mic_count,4,1,mic_4,4,0.3,20.0,0.49162020954431895,0.4169344247239129,0.35,0.5800000000000001,0.36000000000000004,0.35,10.513094729732536,0.7405188034716644,False,20260688
scene_0063,source_001,E1,mic_count,4,1,mic_4,4,0.3,20.0,0.6767045605719935,0.3815852738476891,0.35,0.6200000000000001,0.38000000000000006,0.35,5.6726715776916175,0.6194267524893298,True,20260689
scene_0064,source_001,E1,mic_count,4,1,mic_4,4,0.3,20.0,0.8956429074330077,0.24236075065782836,0.35,0.8600000000000001,0.3400000000000001,0.35,10.394152135879448,0.5888984389495495,False,20260690
scene_0065,source_001,E1,mic_count,4,1,mic_4,4,0.3,20.0,0.09543111146115485,0.12395250437408734,0.35,0.08,0.08,0.35,4.658263455066438,0.5540866025364347,True,20260691
scene_0066,source_001,E1,mic_count,4,1,mic_4,4,0.3,20.0,0.29995610652669735,0.5019720349974658,0.35,0.30000000000000004,0.4000000000000001,0.35,10.19720444443543,0.6647979161508332,False,20260692
scene_0067,source_001,E1,mic_count,4,1,mic_4,4,0.3,20.0,0.4963736848302572,0.1860402101406383,0.35,0.4600000000000001,0.32000000000000006,0.35,13.881019504090917,0.6463183405243154,False,20260693
scene_0068,source_001,E1,mic_count,4,1,mic_4,4,0.3,20.0,1.0198152943289522,0.4746751353986092,0.35,1.0000000000000002,0.38000000000000006,0.35,9.672655866972615,0.6250934970122741,True,20260694
scene_0069,source_001,E1,mic_count,4,1,mic_4,4,0.3,20.0,0.6983806504653327,0.6074763415625563,0.35,0.6200000000000001,0.08,0.35,53.3268053867459,0.6260932791625433,False,20260695
scene_0070,source_001,E1,mic_count,4,1,mic_4,4,0.3,20.0,1.0385908593598296,0.6673083359217676,0.35,1.1000000000000003,0.66,0.35,6.184249613420904,0.5509361220685551,True,20260696
scene_0071,source_001,E1,mic_count,4,1,mic_4,4,0.3,20.0,0.8616413978164373,0.14331092565171408,0.35,0.8800000000000001,0.08,0.35,6.591897739658272,0.6291030517942384,True,20260697
scene_0072,source_001,E1,mic_count,4,1,mic_4,4,0.3,20.0,0.4286484224972069,0.5546717114732097,0.35,0.4800000000000001,0.5800000000000001,0.35,5.72582457967559,0.7063372250080708,True,20260698
scene_0073,source_001,E1,mic_count,4,1,mic_4,4,0.3,20.0,1.0997803196299096,0.6430175115956258,0.35,1.1200000000000003,0.66,0.35,2.6405309819680887,0.601463262789377,True,20260699
scene_0074,source_001,E1,mic_count,4,1,mic_4,4,0.3,20.0,1.0355284689865534,0.11410422938890838,0.35,1.1200000000000003,0.30000000000000004,0.35,20.418784753958143,0.611057046778903,False,20260700
scene_0075,source_001,E1,mic_count,4,1,mic_4,4,0.3,20.0,0.9272671378460657,0.2681617414953122,0.35,0.6000000000000001,0.3400000000000001,0.35,33.50589722704677,0.6714129871881079,False,20260701
scene_0076,source_001,E1,mic_count,4,1,mic_4,4,0.3,20.0,0.17952941098013184,0.33526845255214843,0.35,0.2,0.4000000000000001,0.35,6.789122365824478,0.6469329391079521,True,20260702
scene_0077,source_001,E1,mic_count,4,1,mic_4,4,0.3,20.0,0.15451683624701976,0.25986839460449285,0.35,0.52,0.3400000000000001,0.35,37.41644253134564,0.5846752054365858,False,20260703
scene_0078,source_001,E1,mic_count,4,1,mic_4,4,0.3,20.0,0.43273947069747487,0.4437836688725199,0.35,0.4200000000000001,0.38000000000000006,0.35,6.5043451080728145,0.7443198259338603,True,20260704
scene_0079,source_001,E1,mic_count,4,1,mic_4,4,0.3,20.0,0.7187791900182984,0.4679022198636434,0.35,0.7400000000000001,0.38000000000000006,0.35,9.042744623860493,0.6561217134309343,True,20260705
scene_0080,source_001,E1,mic_count,4,1,mic_4,4,0.3,20.0,0.6142367489827001,0.24127070957478253,0.35,0.6000000000000001,0.3400000000000001,0.35,9.975047774052696,0.8316482705240075,True,20260706
scene_0081,source_001,E1,mic_count,4,1,mic_4,4,0.3,20.0,0.947274907987723,0.3710787271578805,0.35,0.8200000000000001,0.38000000000000006,0.35,12.758719102012893,0.6971527903606911,False,20260707
scene_0082,source_001,E1,mic_count,4,1,mic_4,4,0.3,20.0,0.7642649515826427,0.3064189465987612,0.35,0.7600000000000001,0.38000000000000006,0.35,7.3704553669622435,0.7634427097316165,True,20260708
scene_0083,source_001,E1,mic_count,4,1,mic_4,4,0.3,20.0,0.5125569539313485,0.6562160396339682,0.35,0.4200000000000001,0.66,0.35,9.263427053257043,0.5274162624118088,True,20260709
scene_0084,source_001,E1,mic_count,4,1,mic_4,4,0.3,20.0,0.9359675316131085,0.6385842072892546,0.35,0.9200000000000002,0.66,0.35,2.671325968962293,0.6384019008259771,True,20260710
scene_0085,source_001,E1,mic_count,4,1,mic_4,4,0.3,20.0,0.6350132956645371,0.48346975387782437,0.35,0.6200000000000001,0.4000000000000001,0.35,8.48091908883428,0.6934755273155617,True,20260711
scene_0086,source_001,E1,mic_count,4,1,mic_4,4,0.3,20.0,0.1791544614784213,0.12590708508960607,0.35,0.12000000000000001,0.2,0.35,9.48103915861595,0.5851794477023795,True,20260712
scene_0087,source_001,E1,mic_count,4,1,mic_4,4,0.3,20.0,0.6275215233728432,0.5280696483160418,0.35,0.6000000000000001,0.4200000000000001,0.35,11.151898105665632,0.8095324540121208,False,20260713
scene_0088,source_001,E1,mic_count,4,1,mic_4,4,0.3,20.0,1.0266820758249393,0.12197802465627097,0.35,1.0600000000000003,0.2,0.35,8.483815596695024,0.571562704446971,True,20260714
scene_0089,source_001,E1,mic_count,4,1,mic_4,4,0.3,20.0,0.3480082758521427,0.18203757759843556,0.35,0.38000000000000006,0.30000000000000004,0.35,12.222358001955973,0.6322951348531587,False,20260715
scene_0090,source_001,E1,mic_count,4,1,mic_4,4,0.3,20.0,0.71015734282329,0.1639975082485211,0.35,0.64,0.30000000000000004,0.35,15.303179576361162,0.5930944417932691,False,20260716
scene_0091,source_001,E1,mic_count,4,1,mic_4,4,0.3,20.0,0.12890010764055745,0.35241688151336503,0.35,0.22000000000000003,0.36000000000000004,0.35,9.141495541695773,0.6998434735367863,True,20260717
scene_0092,source_001,E1,mic_count,4,1,mic_4,4,0.3,20.0,0.686825767581549,0.10105213251496513,0.35,0.5800000000000001,0.32000000000000006,0.35,24.361837635045415,0.5239252679502253,False,20260718
scene_0093,source_001,E1,mic_count,4,1,mic_4,4,0.3,20.0,0.16066741542093954,0.28140019271654115,0.35,0.08,0.36000000000000004,0.35,11.262842277014853,0.5789799729987464,False,20260719
scene_0094,source_001,E1,mic_count,4,1,mic_4,4,0.3,20.0,0.13715372497431205,0.6391444952638591,0.35,0.08,0.64,0.35,5.716012742106915,0.5506738622236651,True,20260720
scene_0095,source_001,E1,mic_count,4,1,mic_4,4,0.3,20.0,0.4968342905892833,0.6071123588628028,0.35,0.4600000000000001,0.64,0.35,4.93797722026421,0.6128397954028753,True,20260721
scene_0096,source_001,E1,mic_count,4,1,mic_4,4,0.3,20.0,0.5498188072520949,0.16600127387794372,0.35,0.5800000000000001,0.2,0.35,4.54622675810259,0.6616997495528893,True,20260722
scene_0097,source_001,E1,mic_count,4,1,mic_4,4,0.3,20.0,1.098338121237861,0.10719655929560822,0.35,1.1200000000000003,0.08,0.35,3.47690930141291,0.5327974165117078,True,20260723
scene_0098,source_001,E1,mic_count,4,1,mic_4,4,0.3,20.0,0.8576847876220116,0.29019106792954474,0.35,0.8200000000000001,0.36000000000000004,0.35,7.933114278096312,0.6946492464358148,True,20260724
scene_0099,source_001,E1,mic_count,4,1,mic_4,4,0.3,20.0,0.9552826675775233,0.45328069377944097,0.35,0.9800000000000001,0.38000000000000006,0.35,7.733696789297735,0.6438674358348452,True,20260725
scene_0100,source_001,E1,mic_count,4,1,mic_4,4,0.3,20.0,0.8799403853476536,0.4997327744387025,0.35,0.8200000000000001,0.4000000000000001,0.35,11.635925443584751,0.6268466312068978,False,20260726
scene_0001,source_001,E1,mic_count,6,1,mic_6,6,0.3,20.0,0.91315373790865,0.24987425323090112,0.35,0.8600000000000001,0.3400000000000001,0.35,10.463254792056434,0.6051005782341163,False,20260627
scene_0002,source_001,E1,mic_count,6,1,mic_6,6,0.3,20.0,0.28490299279029135,0.15044814792901381,0.35,0.24000000000000005,0.18000000000000002,0.35,5.375491347170419,0.5439794839781362,True,20260628
scene_0003,source_001,E1,mic_count,6,1,mic_6,6,0.3,20.0,0.9606201638731728,0.5449016856152197,0.35,0.8600000000000001,0.52,0.35,10.365573464282319,0.5456415317186409,False,20260629
scene_0004,source_001,E1,mic_count,6,1,mic_6,6,0.3,20.0,0.4116381790591716,0.5823789933975991,0.35,0.4200000000000001,0.66,0.35,7.807010128990766,0.5952665468861406,True,20260630
scene_0005,source_001,E1,mic_count,6,1,mic_6,6,0.3,20.0,1.0196204002269478,0.6159782749667391,0.35,1.0600000000000003,0.6200000000000001,0.35,4.057938331314388,0.6130051481687854,True,20260631
scene_0006,source_001,E1,mic_count,6,1,mic_6,6,0.3,20.0,1.094307653923706,0.5733269789091149,0.35,1.1200000000000003,0.56,0.35,2.894313413830763,0.6659531824143265,True,20260632
scene_0007,source_001,E1,mic_count,6,1,mic_6,6,0.3,20.0,0.8509747096579159,0.4141621795610436,0.35,0.8400000000000001,0.4000000000000001,0.35,1.7916796086208882,0.547278053354071,True,20260633
scene_0008,source_001,E1,mic_count,6,1,mic_6,6,0.3,20.0,0.2305753021619123,0.4509116197272055,0.35,0.3400000000000001,0.38000000000000006,0.35,13.039256999266716,0.5785559323560974,False,20260634
scene_0009,source_001,E1,mic_count,6,1,mic_6,6,0.3,20.0,0.5220358238642889,0.4679121573325631,0.35,0.5800000000000001,0.4000000000000001,0.35,8.92855353831433,0.5594398015659008,True,20260635
scene_0010,source_001,E1,mic_count,6,1,mic_6,6,0.3,20.0,1.0224518580646798,0.6523153775791968,0.35,0.9800000000000001,0.66,0.35,4.314178571749226,0.5751574064547769,True,20260636
scene_0011,source_001,E1,mic_count,6,1,mic_6,6,0.3,20.0,0.09847315520396024,0.283491514796888,0.35,0.12000000000000001,0.38000000000000006,0.35,9.888019398783603,0.5106820704766949,True,20260637
scene_0012,source_001,E1,mic_count,6,1,mic_6,6,0.3,20.0,0.4495819301539913,0.4288512450144497,0.35,0.4200000000000001,0.4200000000000001,0.35,3.0877744897278885,0.6260920639508679,True,20260638
scene_0013,source_001,E1,mic_count,6,1,mic_6,6,0.3,20.0,0.45163029930715287,0.113007526181993,0.35,0.4400000000000001,0.08,0.35,3.499658049908464,0.5985261064675393,True,20260639
scene_0014,source_001,E1,mic_count,6,1,mic_6,6,0.3,20.0,0.3065697040072544,0.6164446478443705,0.35,0.3400000000000001,0.64,0.35,4.089546802933435,0.598081070284418,True,20260640
scene_0015,source_001,E1,mic_count,6,1,mic_6,6,0.3,20.0,0.4937844353414752,0.408594970371285,0.35,0.56,0.4000000000000001,0.35,6.677106048828751,0.6314871593312279,True,20260641
scene_0016,source_001,E1,mic_count,6,1,mic_6,6,0.3,20.0,0.4649953139608252,0.6341734895235459,0.35,0.56,0.6200000000000001,0.35,9.605611992307542,0.5343145290639882,True,20260642
scene_0017,source_001,E1,mic_count,6,1,mic_6,6,0.3,20.0,0.1859284375253824,0.3862911620522877,0.35,0.08,0.38000000000000006,0.35,10.61150912761092,0.6300458456745868,False,20260643
scene_0018,source_001,E1,mic_count,6,1,mic_6,6,0.3,20.0,0.2471042802545702,0.24185952611598088,0.35,0.3400000000000001,0.3400000000000001,0.35,13.51338867982465,0.5662463054360506,False,20260644
scene_0019,source_001,E1,mic_count,6,1,mic_6,6,0.3,20.0,0.9879899635925242,0.2714508838831799,0.35,0.8600000000000001,0.3400000000000001,0.35,14.519095047837158,0.5378536097511504,False,20260645
scene_0020,source_001,E1,mic_count,6,1,mic_6,6,0.3,20.0,1.0865441576090178,0.5403427921843991,0.35,1.1000000000000003,0.56,0.35,2.382153465998122,0.5597716644047516,True,20260646
scene_0021,source_001,E1,mic_count,6,1,mic_6,6,0.3,20.0,0.842195429424598,0.2079908062852881,0.35,0.8000000000000002,0.18000000000000002,0.35,5.063535820774591,0.6224821416054341,True,20260647
scene_0022,source_001,E1,mic_count,6,1,mic_6,6,0.3,20.0,0.16059600051802178,0.15919361807085852,0.35,0.08,0.1,0.35,9.999799857906973,0.583545041946943,True,20260648
scene_0023,source_001,E1,mic_count,6,1,mic_6,6,0.3,20.0,0.9381766747458229,0.5210068394667083,0.35,0.8600000000000001,0.4800000000000001,0.35,8.827883867248453,0.48548769874312225,True,20260649
scene_0024,source_001,E1,mic_count,6,1,mic_6,6,0.3,20.0,0.1571743935650829,0.4580429760398142,0.35,0.52,0.38000000000000006,0.35,37.11241393307856,0.554136313866661,False,20260650
scene_0025,source_001,E1,mic_count,6,1,mic_6,6,0.3,20.0,0.35878053338996857,0.33664244743901645,0.35,0.36000000000000004,0.3400000000000001,0.35,0.35721503345673195,0.6496692252053294,True,20260651
scene_0026,source_001,E1,mic_count,6,1,mic_6,6,0.3,20.0,0.8382648435522316,0.39711726553020493,0.35,0.8400000000000001,0.4000000000000001,0.35,0.33646583662502083,0.6422060327009057,True,20260652
scene_0027,source_001,E1,mic_count,6,1,mic_6,6,0.3,20.0,0.17413013419597273,0.5413371046117295,0.35,0.12000000000000001,0.54,0.35,5.414664603478893,0.5362600510347394,True,20260653
scene_0028,source_001,E1,mic_count,6,1,mic_6,6,0.3,20.0,0.7140792959859823,0.48394441623276513,0.35,0.7400000000000001,0.4200000000000001,0.35,6.8998342472348,0.5903826689740553,True,20260654
scene_0029,source_001,E1,mic_count,6,1,mic_6,6,0.3,20.0,0.8359175482022422,0.49158505909396566,0.35,0.8400000000000001,0.4000000000000001,0.35,9.167600265023658,0.5923523196892866,True,20260655
scene_0030,source_001,E1,mic_count,6,1,mic_6,6,0.3,20.0,0.2816634964931603,0.08602194687590838,0.35,0.30000000000000004,0.08,0.35,1.9300031218436118,0.5724750923661442,True,20260656
scene_0031,source_001,E1,mic_count,6,1,mic_6,6,0.3,20.0,1.0808523467099977,0.3304179764471413,0.35,1.1200000000000003,0.32000000000000006,0.35,4.051015911308471,0.6040420273426954,True,20260657
scene_0032,source_001,E1,mic_count,6,1,mic_6,6,0.3,20.0,0.9571532491424077,0.3560065583671004,0.35,0.8600000000000001,0.36000000000000004,0.35,9.723528883590623,0.5966282910343076,True,20260658
scene_0033,source_001,E1,mic_count,6,1,mic_6,6,0.3,20.0,1.104402647505421,0.6554898977639605,0.35,1.1000000000000003,0.66,0.35,0.6302723795036186,0.6154052115397343,True,20260659
scene_0034,source_001,E1,mic_count,6,1,mic_6,6,0.3,20.0,1.0774154973452033,0.631195539492706,0.35,1.1200000000000003,0.64,0.35,4.348515138735197,0.5760995446815107,True,20260660
scene_0035,source_001,E1,mic_count,6,1,mic_6,6,0.3,20.0,0.660505642347543,0.184629172196087,0.35,0.6200000000000001,0.14,0.35,6.0269976546329,0.5808442194247556,True,20260661
scene_0036,source_001,E1,mic_count,6,1,mic_6,6,0.3,20.0,0.9135425399173397,0.11727817583086708,0.35,0.9400000000000002,0.4800000000000001,0.35,36.36854670214484,0.52547723548744,False,20260662
scene_0037,source_001,E1,mic_count,6,1,mic_6,6,0.3,20.0,0.45512684354363786,0.42081693447440405,0.35,0.4400000000000001,0.4000000000000001,0.35,2.573258938593867,0.5997233002412341,True,20260663
scene_0038,source_001,E1,mic_count,6,1,mic_6,6,0.3,20.0,0.213758747427372,0.40330812285423906,0.35,0.32000000000000006,0.38000000000000006,0.35,10.876797478664962,0.6515775314772123,False,20260664
scene_0039,source_001,E1,mic_count,6,1,mic_6,6,0.3,20.0,0.2979686873412104,0.39375142041506084,0.35,0.32000000000000006,0.38000000000000006,0.35,2.597075857384793,0.6352743281063495,True,20260665
scene_0040,source_001,E1,mic_count,6,1,mic_6,6,0.3,20.0,0.10314530018681942,0.6273975564990586,0.35,0.08,0.64,0.35,2.6353870739085057,0.6212636170530011,True,20260666
scene_0041,source_001,E1,mic_count,6,1,mic_6,6,0.3,20.0,0.15256960220897903,0.3382610832840304,0.35,0.56,0.36000000000000004,0.35,40.800993804579505,0.5720424031385485,False,20260667
scene_0042,source_001,E1,mic_count,6,1,mic_6,6,0.3,20.0,1.017150404822299,0.5890297112312395,0.35,1.0800000000000003,0.6000000000000001,0.35,6.379983424485465,0.5814905285540227,True,20260668
scene_0043,source_001,E1,mic_count,6,1,mic_6,6,0.3,20.0,0.9951139715426243,0.21177701145416095,0.35,1.0400000000000003,0.18000000000000002,0.35,5.4995763542606095,0.5417434803985257,True,20260669
scene_0044,source_001,E1,mic_count,6,1,mic_6,6,0.3,20.0,0.6785369006482386,0.3315381533168737,0.35,0.6200000000000001,0.36000000000000004,0.35,6.508951877311378,0.5756209080657504,True,20260670
scene_0045,source_001,E1,mic_count,6,1,mic_6,6,0.3,20.0,0.31927527494403074,0.6681431688698649,0.35,0.32000000000000006,0.66,0.35,0.8175354772111497,0.5816175378646334,True,20260671
scene_0046,source_001,E1,mic_count,6,1,mic_6,6,0.3,20.0,0.4138052125113325,0.11519533297297213,0.35,0.4000000000000001,0.08,0.35,3.780602274190488,0.603206732850084,True,20260672
scene_0047,source_001,E1,mic_count,6,1,mic_6,6,0.3,20.0,0.20919442250343712,0.538257649151311,0.35,0.2,0.4400000000000001,0.35,9.868689387103952,0.5278871185081128,True,20260673
scene_0048,source_001,E1,mic_count,6,1,mic_6,6,0.3,20.0,0.4304552938646173,0.18007152400070336,0.35,0.36000000000000004,0.08,0.35,12.238569503570636,0.537917805926009,False,20260674
scene_0049,source_001,E1,mic_count,6,1,mic_6,6,0.3,20.0,0.2584009484260853,0.3312095523831847,0.35,0.32000000000000006,0.3400000000000001,0.35,6.222310763783649,0.5073676636865238,True,20260675
scene_0050,source_001,E1,mic_count,6,1,mic_6,6,0.3,20.0,0.32652002826916526,0.47473707920007885,0.35,0.38000000000000006,0.4800000000000001,0.35,5.373830767410835,0.5687658743500205,True,20260676
scene_0051,source_001,E1,mic_count,6,1,mic_6,6,0.3,20.0,0.9080062099714555,0.40148355467278196,0.35,0.8600000000000001,0.38000000000000006,0.35,5.259409964246823,0.6448487398112971,True,20260677
scene_0052,source_001,E1,mic_count,6,1,mic_6,6,0.3,20.0,0.8282174148362811,0.08742164362794756,0.35,0.8400000000000001,0.12000000000000001,0.35,3.4643594170419747,0.5803831276950365,True,20260678
scene_0053,source_001,E1,mic_count,6,1,mic_6,6,0.3,20.0,0.6696996240145393,0.33132768927679335,0.35,0.6200000000000001,0.36000000000000004,0.35,5.737729541721773,0.6821400431015028,True,20260679
scene_0054,source_001,E1,mic_count,6,1,mic_6,6,0.3,20.0,0.11021623263815401,0.3118214166401445,0.35,0.08,0.36000000000000004,0.35,5.686999744509922,0.6050082396749846,True,20260680
scene_0055,source_001,E1,mic_count,6,1,mic_6,6,0.3,20.0,0.994762534527545,0.5672558981489705,0.35,0.9600000000000001,0.52,0.35,5.8664757023656255,0.6065332305804711,True,20260681
scene_0056,source_001,E1,mic_count,6,1,mic_6,6,0.3,20.0,0.816201665026683,0.5867439099410949,0.35,0.8200000000000001,0.4600000000000001,0.35,12.680081251997516,0.543394131837647,False,20260682
scene_0057,source_001,E1,mic_count,6,1,mic_6,6,0.3,20.0,0.3659658544183925,0.6453093319080601,0.35,0.36000000000000004,0.66,0.35,1.5855823785883731,0.5826977772182135,True,20260683
scene_0058,source_001,E1,mic_count,6,1,mic_6,6,0.3,20.0,0.15921999320464417,0.25353679869070556,0.35,0.1,0.36000000000000004,0.35,12.182537021565526,0.5795807756664928,False,20260684
scene_0059,source_001,E1,mic_count,6,1,mic_6,6,0.3,20.0,0.5334721216308156,0.4214407565288687,0.35,0.5800000000000001,0.4000000000000001,0.35,5.123035727054661,0.6686720578494559,True,20260685
scene_0060,source_001,E1,mic_count,6,1,mic_6,6,0.3,20.0,0.7703121542452164,0.4699099661338723,0.35,0.8000000000000002,0.4000000000000001,0.35,7.595242952268872,0.6392835508654433,True,20260686
scene_0061,source_001,E1,mic_count,6,1,mic_6,6,0.3,20.0,0.7117273976243993,0.22178073581573643,0.35,0.7000000000000001,0.24000000000000005,0.35,2.1667335841232434,0.5993029195549259,True,20260687
scene_0062,source_001,E1,mic_count,6,1,mic_6,6,0.3,20.0,0.49162020954431895,0.4169344247239129,0.35,0.5800000000000001,0.4000000000000001,0.35,8.998756637291606,0.6468190778690875,True,20260688
scene_0063,source_001,E1,mic_count,6,1,mic_6,6,0.3,20.0,0.6767045605719935,0.3815852738476891,0.35,0.6200000000000001,0.38000000000000006,0.35,5.6726715776916175,0.6235360506745606,True,20260689
scene_0064,source_001,E1,mic_count,6,1,mic_6,6,0.3,20.0,0.8956429074330077,0.24236075065782836,0.35,0.8800000000000001,0.3400000000000001,0.35,9.888439495218861,0.5951221307097596,True,20260690
scene_0065,source_001,E1,mic_count,6,1,mic_6,6,0.3,20.0,0.09543111146115485,0.12395250437408734,0.35,0.08,0.12000000000000001,0.35,1.5929265260951742,0.5634522126408311,True,20260691
scene_0066,source_001,E1,mic_count,6,1,mic_6,6,0.3,20.0,0.29995610652669735,0.5019720349974658,0.35,0.30000000000000004,0.4000000000000001,0.35,10.19720444443543,0.6026643412475683,False,20260692
scene_0067,source_001,E1,mic_count,6,1,mic_6,6,0.3,20.0,0.4963736848302572,0.1860402101406383,0.35,0.5000000000000001,0.18000000000000002,0.35,0.7045161478161951,0.6214326278880365,True,20260693
scene_0068,source_001,E1,mic_count,6,1,mic_6,6,0.3,20.0,1.0198152943289522,0.4746751353986092,0.35,1.1200000000000003,0.4000000000000001,0.35,12.495339570093781,0.576738122898105,False,20260694
scene_0069,source_001,E1,mic_count,6,1,mic_6,6,0.3,20.0,0.6983806504653327,0.6074763415625563,0.35,0.6200000000000001,0.66,0.35,9.435179416959649,0.6234212256485854,True,20260695
scene_0070,source_001,E1,mic_count,6,1,mic_6,6,0.3,20.0,1.0385908593598296,0.6673083359217676,0.35,1.1200000000000003,0.64,0.35,8.58673010556824,0.5286210377785404,True,20260696
scene_0071,source_001,E1,mic_count,6,1,mic_6,6,0.3,20.0,0.8616413978164373,0.14331092565171408,0.35,0.8600000000000001,0.08,0.35,6.333219950127007,0.5258624808255508,True,20260697
scene_0072,source_001,E1,mic_count,6,1,mic_6,6,0.3,20.0,0.4286484224972069,0.5546717114732097,0.35,0.5000000000000001,0.5800000000000001,0.35,7.571373595216026,0.6310791133563631,True,20260698
scene_0073,source_001,E1,mic_count,6,1,mic_6,6,0.3,20.0,1.0997803196299096,0.6430175115956258,0.35,1.1200000000000003,0.6200000000000001,0.35,3.0637253700738176,0.546388285568538,True,20260699
scene_0074,source_001,E1,mic_count,6,1,mic_6,6,0.3,20.0,1.0355284689865534,0.11410422938890838,0.35,1.1200000000000003,0.4200000000000001,0.35,31.734470537494303,0.5687706446622603,False,20260700
scene_0075,source_001,E1,mic_count,6,1,mic_6,6,0.3,20.0,0.9272671378460657,0.2681617414953122,0.35,0.8800000000000001,0.32000000000000006,0.35,7.015260055734081,0.5941163649267344,True,20260701
scene_0076,source_001,E1,mic_count,6,1,mic_6,6,0.3,20.0,0.17952941098013184,0.33526845255214843,0.35,0.24000000000000005,0.66,0.35,33.031389623248685,0.5542818809571267,False,20260702
scene_0077,source_001,E1,mic_count,6,1,mic_6,6,0.3,20.0,0.15451683624701976,0.25986839460449285,0.35,0.30000000000000004,0.24000000000000005,0.35,14.683359302195228,0.5384181062977716,False,20260703
scene_0078,source_001,E1,mic_count,6,1,mic_6,6,0.3,20.0,0.43273947069747487,0.4437836688725199,0.35,0.4600000000000001,0.38000000000000006,0.35,6.93649253779826,0.6370207514050847,True,20260704
scene_0079,source_001,E1,mic_count,6,1,mic_6,6,0.3,20.0,0.7187791900182984,0.4679022198636434,0.35,1.1200000000000003,0.4000000000000001,0.35,40.69260987265176,0.5771521799865857,False,20260705
scene_0080,source_001,E1,mic_count,6,1,mic_6,6,0.3,20.0,0.6142367489827001,0.24127070957478253,0.35,0.6000000000000001,0.3400000000000001,0.35,9.975047774052696,0.6938271809665594,True,20260706
scene_0081,source_001,E1,mic_count,6,1,mic_6,6,0.3,20.0,0.947274907987723,0.3710787271578805,0.35,0.8600000000000001,0.38000000000000006,0.35,8.77296909454777,0.5617474207353585,True,20260707
scene_0082,source_001,E1,mic_count,6,1,mic_6,6,0.3,20.0,0.7642649515826427,0.3064189465987612,0.35,0.7600000000000001,0.38000000000000006,0.35,7.3704553669622435,0.6295053152353126,True,20260708
scene_0083,source_001,E1,mic_count,6,1,mic_6,6,0.3,20.0,0.5125569539313485,0.6562160396339682,0.35,0.5000000000000001,0.66,0.35,1.311470350735024,0.5660914107967724,True,20260709
scene_0084,source_001,E1,mic_count,6,1,mic_6,6,0.3,20.0,0.9359675316131085,0.6385842072892546,0.35,0.9200000000000002,0.64,0.35,1.6030175757471135,0.5162526451985037,True,20260710
scene_0085,source_001,E1,mic_count,6,1,mic_6,6,0.3,20.0,0.6350132956645371,0.48346975387782437,0.35,0.6200000000000001,0.4000000000000001,0.35,8.48091908883428,0.6265255508371311,True,20260711
scene_0086,source_001,E1,mic_count,6,1,mic_6,6,0.3,20.0,0.1791544614784213,0.12590708508960607,0.35,0.2,0.08,0.35,5.041822029464105,0.5570252627698089,True,20260712
scene_0087,source_001,E1,mic_count,6,1,mic_6,6,0.3,20.0,0.6275215233728432,0.5280696483160418,0.35,0.6000000000000001,0.6200000000000001,0.35,9.596157465099358,0.6332114134152822,True,20260713
scene_0088,source_001,E1,mic_count,6,1,mic_6,6,0.3,20.0,1.0266820758249393,0.12197802465627097,0.35,1.0400000000000003,0.14,0.35,2.2408897777950845,0.5555635775279361,True,20260714
scene_0089,source_001,E1,mic_count,6,1,mic_6,6,0.3,20.0,0.3480082758521427,0.18203757759843556,0.35,0.36000000000000004,0.24000000000000005,0.35,5.918989659304778,0.5653945869602081,True,20260715
scene_0090,source_001,E1,mic_count,6,1,mic_6,6,0.3,20.0,0.71015734282329,0.1639975082485211,0.35,0.7400000000000001,0.14,0.35,3.8294445935468024,0.6244820648172738,True,20260716
scene_0091,source_001,E1,mic_count,6,1,mic_6,6,0.3,20.0,0.12890010764055745,0.35241688151336503,0.35,0.08,0.36000000000000004,0.35,4.9484585612496055,0.6604041827773666,True,20260717
scene_0092,source_001,E1,mic_count,6,1,mic_6,6,0.3,20.0,0.686825767581549,0.10105213251496513,0.35,0.6200000000000001,0.08,0.35,7.006336772016347,0.5318312126546292,True,20260718
scene_0093,source_001,E1,mic_count,6,1,mic_6,6,0.3,20.0,0.16066741542093954,0.28140019271654115,0.35,0.30000000000000004,0.36000000000000004,0.35,15.997343163937543,0.5295518862330499,False,20260719
scene_0094,source_001,E1,mic_count,6,1,mic_6,6,0.3,20.0,0.13715372497431205,0.6391444952638591,0.35,0.08,0.64,0.35,5.716012742106915,0.5499016748534011,True,20260720
scene_0095,source_001,E1,mic_count,6,1,mic_6,6,0.3,20.0,0.4968342905892833,0.6071123588628028,0.35,0.54,0.6200000000000001,0.35,4.504852675739373,0.6042754611337577,True,20260721
scene_0096,source_001,E1,mic_count,6,1,mic_6,6,0.3,20.0,0.5498188072520949,0.16600127387794372,0.35,0.5800000000000001,0.16000000000000003,0.35,3.0772060117000533,0.5893946917151075,True,20260722
scene_0097,source_001,E1,mic_count,6,1,mic_6,6,0.3,20.0,1.098338121237861,0.10719655929560822,0.35,1.1200000000000003,0.14,0.35,3.9310338507219393,0.5264351336695814,True,20260723
scene_0098,source_001,E1,mic_count,6,1,mic_6,6,0.3,20.0,0.8576847876220116,0.29019106792954474,0.35,0.8400000000000001,0.36000000000000004,0.35,7.201415631702626,0.5330908387326668,True,20260724
scene_0099,source_001,E1,mic_count,6,1,mic_6,6,0.3,20.0,0.9552826675775233,0.45328069377944097,0.35,0.8600000000000001,0.38000000000000006,0.35,12.020335611572994,0.5515397248273816,False,20260725
scene_0100,source_001,E1,mic_count,6,1,mic_6,6,0.3,20.0,0.8799403853476536,0.4997327744387025,0.35,0.8600000000000001,0.4000000000000001,0.35,10.17066628351064,0.592284551538917,False,20260726
scene_0001,source_001,E1,mic_count,8,1,mic_8,8,0.3,20.0,0.91315373790865,0.24987425323090112,0.35,0.9000000000000001,0.24000000000000005,0.35,1.6447543823848338,0.6093077077460424,True,20260627
scene_0002,source_001,E1,mic_count,8,1,mic_8,8,0.3,20.0,0.28490299279029135,0.15044814792901381,0.35,0.28,0.22000000000000003,0.35,6.972445385089795,0.5166705473235507,True,20260628
scene_0003,source_001,E1,mic_count,8,1,mic_8,8,0.3,20.0,0.9606201638731728,0.5449016856152197,0.35,0.9800000000000001,0.52,0.35,3.155427062668248,0.529725296276091,True,20260629
scene_0004,source_001,E1,mic_count,8,1,mic_8,8,0.3,20.0,0.4116381790591716,0.5823789933975991,0.35,0.4400000000000001,0.66,0.35,8.264026593041422,0.5631921044167051,True,20260630
scene_0005,source_001,E1,mic_count,8,1,mic_8,8,0.3,20.0,1.0196204002269478,0.6159782749667391,0.35,1.0400000000000003,0.6000000000000001,0.35,2.5896589694832763,0.6052003828721368,True,20260631
scene_0006,source_001,E1,mic_count,8,1,mic_8,8,0.3,20.0,1.094307653923706,0.5733269789091149,0.35,1.1200000000000003,0.56,0.35,2.894313413830763,0.6531323717606587,True,20260632
scene_0007,source_001,E1,mic_count,8,1,mic_8,8,0.3,20.0,0.8509747096579159,0.4141621795610436,0.35,0.8400000000000001,0.4000000000000001,0.35,1.7916796086208882,0.5120780762500624,True,20260633
scene_0008,source_001,E1,mic_count,8,1,mic_8,8,0.3,20.0,0.2305753021619123,0.4509116197272055,0.35,0.2,0.38000000000000006,0.35,7.722245084577432,0.5477066303268919,True,20260634
scene_0009,source_001,E1,mic_count,8,1,mic_8,8,0.3,20.0,0.5220358238642889,0.4679121573325631,0.35,0.5800000000000001,0.4000000000000001,0.35,8.92855353831433,0.5439771949686363,True,20260635
scene_0010,source_001,E1,mic_count,8,1,mic_8,8,0.3,20.0,1.0224518580646798,0.6523153775791968,0.35,1.0000000000000002,0.64,0.35,2.560770304956494,0.5815743426235938,True,20260636
scene_0011,source_001,E1,mic_count,8,1,mic_8,8,0.3,20.0,0.09847315520396024,0.283491514796888,0.35,0.08,0.26000000000000006,0.35,2.9884924805694397,0.5207433531120764,True,20260637
scene_0012,source_001,E1,mic_count,8,1,mic_8,8,0.3,20.0,0.4495819301539913,0.4288512450144497,0.35,0.4400000000000001,0.4200000000000001,0.35,1.3044459505160972,0.5754494742995447,True,20260638
scene_0013,source_001,E1,mic_count,8,1,mic_8,8,0.3,20.0,0.45163029930715287,0.113007526181993,0.35,0.4400000000000001,0.08,0.35,3.499658049908464,0.5978315759069125,True,20260639
scene_0014,source_001,E1,mic_count,8,1,mic_8,8,0.3,20.0,0.3065697040072544,0.6164446478443705,0.35,0.30000000000000004,0.6000000000000001,0.35,1.770840064681985,0.5971349685787322,True,20260640
scene_0015,source_001,E1,mic_count,8,1,mic_8,8,0.3,20.0,0.4937844353414752,0.408594970371285,0.35,0.6000000000000001,0.4000000000000001,0.35,10.656275001806469,0.5891580324582208,False,20260641
scene_0016,source_001,E1,mic_count,8,1,mic_8,8,0.3,20.0,0.4649953139608252,0.6341734895235459,0.35,0.54,0.5800000000000001,0.35,9.252280743142698,0.5418393278412263,True,20260642
scene_0017,source_001,E1,mic_count,8,1,mic_8,8,0.3,20.0,0.1859284375253824,0.3862911620522877,0.35,0.08,0.38000000000000006,0.35,10.61150912761092,0.5875255921523949,False,20260643
scene_0018,source_001,E1,mic_count,8,1,mic_8,8,0.3,20.0,0.2471042802545702,0.24185952611598088,0.35,0.26000000000000006,0.26000000000000006,0.35,2.2257052376481736,0.554715802527098,True,20260644
scene_0019,source_001,E1,mic_count,8,1,mic_8,8,0.3,20.0,0.9879899635925242,0.2714508838831799,0.35,0.9800000000000001,0.26000000000000006,0.35,1.396288866660222,0.511133829757759,True,20260645
scene_0020,source_001,E1,mic_count,8,1,mic_8,8,0.3,20.0,1.0865441576090178,0.5403427921843991,0.35,1.0800000000000003,0.52,0.35,2.136949210134178,0.5646348220711936,True,20260646
scene_0021,source_001,E1,mic_count,8,1,mic_8,8,0.3,20.0,0.842195429424598,0.2079908062852881,0.35,0.8200000000000001,0.24000000000000005,0.35,3.8951579808889183,0.604789534002062,True,20260647
scene_0022,source_001,E1,mic_count,8,1,mic_8,8,0.3,20.0,0.16059600051802178,0.15919361807085852,0.35,0.14,0.14,0.35,2.815297874094923,0.5701488814895495,True,20260648
scene_0023,source_001,E1,mic_count,8,1,mic_8,8,0.3,20.0,0.9381766747458229,0.5210068394667083,0.35,0.8600000000000001,0.52,0.35,7.818315803308209,0.4702489737860017,True,20260649
scene_0024,source_001,E1,mic_count,8,1,mic_8,8,0.3,20.0,0.1571743935650829,0.4580429760398142,0.35,0.14,0.38000000000000006,0.35,7.9910361677815995,0.507063519380797,True,20260650
scene_0025,source_001,E1,mic_count,8,1,mic_8,8,0.3,20.0,0.35878053338996857,0.33664244743901645,0.35,0.3400000000000001,0.3400000000000001,0.35,1.907830164379128,0.6009764390549539,True,20260651
scene_0026,source_001,E1,mic_count,8,1,mic_8,8,0.3,20.0,0.8382648435522316,0.39711726553020493,0.35,0.8400000000000001,0.4000000000000001,0.35,0.33646583662502083,0.60737499869904,True,20260652
scene_0027,source_001,E1,mic_count,8,1,mic_8,8,0.3,20.0,0.17413013419597273,0.5413371046117295,0.35,0.14,0.6200000000000001,0.35,8.57479863967727,0.5594944878033243,True,20260653
scene_0028,source_001,E1,mic_count,8,1,mic_8,8,0.3,20.0,0.7140792959859823,0.48394441623276513,0.35,0.7400000000000001,0.4200000000000001,0.35,6.8998342472348,0.552199590363678,True,20260654
scene_0029,source_001,E1,mic_count,8,1,mic_8,8,0.3,20.0,0.8359175482022422,0.49158505909396566,0.35,0.8200000000000001,0.4000000000000001,0.35,9.295800874597019,0.5613832649314237,True,20260655
scene_0030,source_001,E1,mic_count,8,1,mic_8,8,0.3,20.0,0.2816634964931603,0.08602194687590838,0.35,0.30000000000000004,0.1,0.35,2.305674153032631,0.5869563742299362,True,20260656
scene_0031,source_001,E1,mic_count,8,1,mic_8,8,0.3,20.0,1.0808523467099977,0.3304179764471413,0.35,1.1000000000000003,0.3400000000000001,0.35,2.141139420686299,0.5999574173691026,True,20260657
scene_0032,source_001,E1,mic_count,8,1,mic_8,8,0.3,20.0,0.9571532491424077,0.3560065583671004,0.35,0.8600000000000001,0.36000000000000004,0.35,9.723528883590623,0.590937477122773,True,20260658
scene_0033,source_001,E1,mic_count,8,1,mic_8,8,0.3,20.0,1.104402647505421,0.6554898977639605,0.35,1.1000000000000003,0.66,0.35,0.6302723795036186,0.6058023403053766,True,20260659
scene_0034,source_001,E1,mic_count,8,1,mic_8,8,0.3,20.0,1.0774154973452033,0.631195539492706,0.35,1.1200000000000003,0.64,0.35,4.348515138735197,0.5629720830334589,True,20260660
scene_0035,source_001,E1,mic_count,8,1,mic_8,8,0.3,20.0,0.660505642347543,0.184629172196087,0.35,0.6000000000000001,0.14,0.35,7.51844117274104,0.5957690412799198,True,20260661
scene_0036,source_001,E1,mic_count,8,1,mic_8,8,0.3,20.0,0.9135425399173397,0.11727817583086708,0.35,1.1000000000000003,0.36000000000000004,0.35,30.607232535541083,0.5253711151061652,False,20260662
scene_0037,source_001,E1,mic_count,8,1,mic_8,8,0.3,20.0,0.45512684354363786,0.42081693447440405,0.35,0.4600000000000001,0.4200000000000001,0.35,0.494115733241256,0.5643197969125269,True,20260663
scene_0038,source_001,E1,mic_count,8,1,mic_8,8,0.3,20.0,0.213758747427372,0.40330812285423906,0.35,0.2,0.4000000000000001,0.35,1.4150858899337295,0.6167113139223576,True,20260664
scene_0039,source_001,E1,mic_count,8,1,mic_8,8,0.3,20.0,0.2979686873412104,0.39375142041506084,0.35,0.32000000000000006,0.38000000000000006,0.35,2.597075857384793,0.5728182831348371,True,20260665
scene_0040,source_001,E1,mic_count,8,1,mic_8,8,0.3,20.0,0.10314530018681942,0.6273975564990586,0.35,0.08,0.6200000000000001,0.35,2.4298739944588594,0.6268737079931656,True,20260666
scene_0041,source_001,E1,mic_count,8,1,mic_8,8,0.3,20.0,0.15256960220897903,0.3382610832840304,0.35,0.12000000000000001,0.3400000000000001,0.35,3.2615990240926456,0.5590070358355432,True,20260667
scene_0042,source_001,E1,mic_count,8,1,mic_8,8,0.3,20.0,1.017150404822299,0.5890297112312395,0.35,1.0800000000000003,0.6000000000000001,0.35,6.379983424485465,0.5664236150118112,True,20260668
scene_0043,source_001,E1,mic_count,8,1,mic_8,8,0.3,20.0,0.9951139715426243,0.21177701145416095,0.35,1.1000000000000003,0.12000000000000001,0.35,13.937036556247776,0.5277950552314061,False,20260669
scene_0044,source_001,E1,mic_count,8,1,mic_8,8,0.3,20.0,0.6785369006482386,0.3315381533168737,0.35,0.6200000000000001,0.3400000000000001,0.35,5.914534290026966,0.5447785346723548,True,20260670
scene_0045,source_001,E1,mic_count,8,1,mic_8,8,0.3,20.0,0.31927527494403074,0.6681431688698649,0.35,0.3400000000000001,0.66,0.35,2.2267137846805993,0.57019830595493,True,20260671
scene_0046,source_001,E1,mic_count,8,1,mic_8,8,0.3,20.0,0.4138052125113325,0.11519533297297213,0.35,0.4200000000000001,0.08,0.35,3.573635201175592,0.581239441432059,True,20260672
scene_0047,source_001,E1,mic_count,8,1,mic_8,8,0.3,20.0,0.20919442250343712,0.538257649151311,0.35,0.22000000000000003,0.4600000000000001,0.35,7.900012756776982,0.5384418110306863,True,20260673
scene_0048,source_001,E1,mic_count,8,1,mic_8,8,0.3,20.0,0.4304552938646173,0.18007152400070336,0.35,0.5000000000000001,0.16000000000000003,0.35,7.238323167120658,0.5443232968054341,True,20260674
scene_0049,source_001,E1,mic_count,8,1,mic_8,8,0.3,20.0,0.2584009484260853,0.3312095523831847,0.35,0.28,0.32000000000000006,0.35,2.4334606911228076,0.5184823026935184,True,20260675
scene_0050,source_001,E1,mic_count,8,1,mic_8,8,0.3,20.0,0.32652002826916526,0.47473707920007885,0.35,0.3400000000000001,0.5000000000000001,0.35,2.863432913841706,0.5654051543970721,True,20260676
scene_0051,source_001,E1,mic_count,8,1,mic_8,8,0.3,20.0,0.9080062099714555,0.40148355467278196,0.35,0.8600000000000001,0.38000000000000006,0.35,5.259409964246823,0.5801703359545778,True,20260677
scene_0052,source_001,E1,mic_count,8,1,mic_8,8,0.3,20.0,0.8282174148362811,0.08742164362794756,0.35,0.8400000000000001,0.12000000000000001,0.35,3.4643594170419747,0.5427033935310843,True,20260678
scene_0053,source_001,E1,mic_count,8,1,mic_8,8,0.3,20.0,0.6696996240145393,0.33132768927679335,0.35,0.6200000000000001,0.36000000000000004,0.35,5.737729541721773,0.6137274551029994,True,20260679
scene_0054,source_001,E1,mic_count,8,1,mic_8,8,0.3,20.0,0.11021623263815401,0.3118214166401445,0.35,0.08,0.36000000000000004,0.35,5.686999744509922,0.6127166781896514,True,20260680
scene_0055,source_001,E1,mic_count,8,1,mic_8,8,0.3,20.0,0.994762534527545,0.5672558981489705,0.35,1.0200000000000002,0.56,0.35,2.6259811907582296,0.5746129698026543,True,20260681
scene_0056,source_001,E1,mic_count,8,1,mic_8,8,0.3,20.0,0.816201665026683,0.5867439099410949,0.35,0.8400000000000001,0.52,0.35,7.085979298394256,0.5387295178099671,True,20260682
scene_0057,source_001,E1,mic_count,8,1,mic_8,8,0.3,20.0,0.3659658544183925,0.6453093319080601,0.35,0.38000000000000006,0.66,0.35,2.031681498644159,0.5563175764904781,True,20260683
scene_0058,source_001,E1,mic_count,8,1,mic_8,8,0.3,20.0,0.15921999320464417,0.25353679869070556,0.35,0.14,0.36000000000000004,0.35,10.818420111924814,0.5520720965853765,False,20260684
scene_0059,source_001,E1,mic_count,8,1,mic_8,8,0.3,20.0,0.5334721216308156,0.4214407565288687,0.35,0.5800000000000001,0.38000000000000006,0.35,6.2307140579732865,0.6136242056343924,True,20260685
scene_0060,source_001,E1,mic_count,8,1,mic_8,8,0.3,20.0,0.7703121542452164,0.4699099661338723,0.35,0.8000000000000002,0.4000000000000001,0.35,7.595242952268872,0.5523609431032687,True,20260686
scene_0061,source_001,E1,mic_count,8,1,mic_8,8,0.3,20.0,0.7117273976243993,0.22178073581573643,0.35,0.64,0.22000000000000003,0.35,7.17494988833659,0.5948553683655219,True,20260687
scene_0062,source_001,E1,mic_count,8,1,mic_8,8,0.3,20.0,0.49162020954431895,0.4169344247239129,0.35,0.4800000000000001,0.4200000000000001,0.35,1.2017779396678747,0.6127119458018891,True,20260688
scene_0063,source_001,E1,mic_count,8,1,mic_8,8,0.3,20.0,0.6767045605719935,0.3815852738476891,0.35,0.6200000000000001,0.38000000000000006,0.35,5.6726715776916175,0.5994480965750513,True,20260689
scene_0064,source_001,E1,mic_count,8,1,mic_8,8,0.3,20.0,0.8956429074330077,0.24236075065782836,0.35,0.8600000000000001,0.24000000000000005,0.35,3.5721002140846823,0.5695816982062902,True,20260690
scene_0065,source_001,E1,mic_count,8,1,mic_8,8,0.3,20.0,0.09543111146115485,0.12395250437408734,0.35,0.08,0.12000000000000001,0.35,1.5929265260951742,0.5781556610638812,True,20260691
scene_0066,source_001,E1,mic_count,8,1,mic_8,8,0.3,20.0,0.29995610652669735,0.5019720349974658,0.35,0.32000000000000006,0.5000000000000001,0.35,2.0140669988864235,0.5615703995008975,True,20260692
scene_0067,source_001,E1,mic_count,8,1,mic_8,8,0.3,20.0,0.4963736848302572,0.1860402101406383,0.35,0.5000000000000001,0.18000000000000002,0.35,0.7045161478161951,0.612173164875596,True,20260693
scene_0068,source_001,E1,mic_count,8,1,mic_8,8,0.3,20.0,1.0198152943289522,0.4746751353986092,0.35,1.0200000000000002,0.4400000000000001,0.35,3.4675627335302703,0.5238819651020789,True,20260694
scene_0069,source_001,E1,mic_count,8,1,mic_8,8,0.3,20.0,0.6983806504653327,0.6074763415625563,0.35,0.6200000000000001,0.52,0.35,11.745482834067593,0.5704684506808471,False,20260695
scene_0070,source_001,E1,mic_count,8,1,mic_8,8,0.3,20.0,1.0385908593598296,0.6673083359217676,0.35,1.1000000000000003,0.6200000000000001,0.35,7.751877967209662,0.5372569847580996,True,20260696
scene_0071,source_001,E1,mic_count,8,1,mic_8,8,0.3,20.0,0.8616413978164373,0.14331092565171408,0.35,0.8600000000000001,0.08,0.35,6.333219950127007,0.48574413946949235,True,20260697
scene_0072,source_001,E1,mic_count,8,1,mic_8,8,0.3,20.0,0.4286484224972069,0.5546717114732097,0.35,0.5000000000000001,0.5800000000000001,0.35,7.571373595216026,0.5915035399860791,True,20260698
scene_0073,source_001,E1,mic_count,8,1,mic_8,8,0.3,20.0,1.0997803196299096,0.6430175115956258,0.35,1.1200000000000003,0.6200000000000001,0.35,3.0637253700738176,0.562716185959754,True,20260699
scene_0074,source_001,E1,mic_count,8,1,mic_8,8,0.3,20.0,1.0355284689865534,0.11410422938890838,0.35,1.0400000000000003,0.1,0.35,1.479607638055319,0.5860462146101404,True,20260700
scene_0075,source_001,E1,mic_count,8,1,mic_8,8,0.3,20.0,0.9272671378460657,0.2681617414953122,0.35,0.8600000000000001,0.30000000000000004,0.35,7.442138495495045,0.548347315394326,True,20260701
scene_0076,source_001,E1,mic_count,8,1,mic_8,8,0.3,20.0,0.17952941098013184,0.33526845255214843,0.35,0.16000000000000003,0.4400000000000001,0.35,10.653682426303359,0.5327981809606127,False,20260702
scene_0077,source_001,E1,mic_count,8,1,mic_8,8,0.3,20.0,0.15451683624701976,0.25986839460449285,0.35,0.08,0.26000000000000006,0.35,7.451695246214303,0.5412578564185413,True,20260703
scene_0078,source_001,E1,mic_count,8,1,mic_8,8,0.3,20.0,0.43273947069747487,0.4437836688725199,0.35,0.4600000000000001,0.38000000000000006,0.35,6.93649253779826,0.5598614114487124,True,20260704
scene_0079,source_001,E1,mic_count,8,1,mic_8,8,0.3,20.0,0.7187791900182984,0.4679022198636434,0.35,0.7200000000000001,0.4000000000000001,0.35,6.791319341204607,0.5617922264084539,True,20260705
scene_0080,source_001,E1,mic_count,8,1,mic_8,8,0.3,20.0,0.6142367489827001,0.24127070957478253,0.35,0.6000000000000001,0.24000000000000005,0.35,1.429334545933363,0.6408734817698296,True,20260706
scene_0081,source_001,E1,mic_count,8,1,mic_8,8,0.3,20.0,0.947274907987723,0.3710787271578805,0.35,0.8600000000000001,0.38000000000000006,0.35,8.77296909454777,0.5563108324695997,True,20260707
scene_0082,source_001,E1,mic_count,8,1,mic_8,8,0.3,20.0,0.7642649515826427,0.3064189465987612,0.35,0.7600000000000001,0.38000000000000006,0.35,7.3704553669622435,0.5659449652464771,True,20260708
scene_0083,source_001,E1,mic_count,8,1,mic_8,8,0.3,20.0,0.5125569539313485,0.6562160396339682,0.35,0.5000000000000001,0.66,0.35,1.311470350735024,0.5831452727479186,True,20260709
scene_0084,source_001,E1,mic_count,8,1,mic_8,8,0.3,20.0,0.9359675316131085,0.6385842072892546,0.35,0.8600000000000001,0.5800000000000001,0.35,9.593318092870145,0.5282698028520166,True,20260710
scene_0085,source_001,E1,mic_count,8,1,mic_8,8,0.3,20.0,0.6350132956645371,0.48346975387782437,0.35,0.6200000000000001,0.52,0.35,3.9495036757262745,0.5560646074832076,True,20260711
scene_0086,source_001,E1,mic_count,8,1,mic_8,8,0.3,20.0,0.1791544614784213,0.12590708508960607,0.35,0.18000000000000002,0.08,0.35,4.591487119459017,0.5647202217108056,True,20260712
scene_0087,source_001,E1,mic_count,8,1,mic_8,8,0.3,20.0,0.6275215233728432,0.5280696483160418,0.35,0.6000000000000001,0.52,0.35,2.8680193038167356,0.6149992145176193,True,20260713
scene_0088,source_001,E1,mic_count,8,1,mic_8,8,0.3,20.0,1.0266820758249393,0.12197802465627097,0.35,1.0400000000000003,0.12000000000000001,0.35,1.3464014478360036,0.5650050401454029,True,20260714
scene_0089,source_001,E1,mic_count,8,1,mic_8,8,0.3,20.0,0.3480082758521427,0.18203757759843556,0.35,0.3400000000000001,0.2,0.35,1.966675114644601,0.5521032177184064,True,20260715
scene_0090,source_001,E1,mic_count,8,1,mic_8,8,0.3,20.0,0.71015734282329,0.1639975082485211,0.35,0.7200000000000001,0.16000000000000003,0.35,1.0623463300413676,0.6048886881969691,True,20260716
scene_0091,source_001,E1,mic_count,8,1,mic_8,8,0.3,20.0,0.12890010764055745,0.35241688151336503,0.35,0.08,0.36000000000000004,0.35,4.9484585612496055,0.6641738607277532,True,20260717
scene_0092,source_001,E1,mic_count,8,1,mic_8,8,0.3,20.0,0.686825767581549,0.10105213251496513,0.35,0.6200000000000001,0.08,0.35,7.006336772016347,0.5505723057291289,True,20260718
scene_0093,source_001,E1,mic_count,8,1,mic_8,8,0.3,20.0,0.16066741542093954,0.28140019271654115,0.35,0.08,0.3400000000000001,0.35,9.970541271341773,0.5387689405882272,True,20260719
scene_0094,source_001,E1,mic_count,8,1,mic_8,8,0.3,20.0,0.13715372497431205,0.6391444952638591,0.35,0.08,0.64,0.35,5.716012742106915,0.5275414138043324,True,20260720
scene_0095,source_001,E1,mic_count,8,1,mic_8,8,0.3,20.0,0.4968342905892833,0.6071123588628028,0.35,0.5000000000000001,0.54,0.35,6.718698109159781,0.5833650556990957,True,20260721
scene_0096,source_001,E1,mic_count,8,1,mic_8,8,0.3,20.0,0.5498188072520949,0.16600127387794372,0.35,0.56,0.16000000000000003,0.35,1.1818289805555053,0.5718828373006668,True,20260722
scene_0097,source_001,E1,mic_count,8,1,mic_8,8,0.3,20.0,1.098338121237861,0.10719655929560822,0.35,1.1200000000000003,0.14,0.35,3.9310338507219393,0.5514161336857551,True,20260723
scene_0098,source_001,E1,mic_count,8,1,mic_8,8,0.3,20.0,0.8576847876220116,0.29019106792954474,0.35,0.8400000000000001,0.36000000000000004,0.35,7.201415631702626,0.4964388660797956,True,20260724
scene_0099,source_001,E1,mic_count,8,1,mic_8,8,0.3,20.0,0.9552826675775233,0.45328069377944097,0.35,0.8600000000000001,0.38000000000000006,0.35,12.020335611572994,0.5460806698545119,False,20260725
scene_0100,source_001,E1,mic_count,8,1,mic_8,8,0.3,20.0,0.8799403853476536,0.4997327744387025,0.35,0.8600000000000001,0.5000000000000001,0.35,1.9942175842006964,0.5453711440919862,True,20260726
scene_0001,source_001,E1,mic_count,12,1,mic_12,12,0.3,20.0,0.91315373790865,0.24987425323090112,0.35,0.9000000000000001,0.24000000000000005,0.35,1.6447543823848338,0.5562629954154613,True,20260627
scene_0002,source_001,E1,mic_count,12,1,mic_12,12,0.3,20.0,0.28490299279029135,0.15044814792901381,0.35,0.28,0.16000000000000003,0.35,1.0736722790854405,0.5181496503404435,True,20260628
scene_0003,source_001,E1,mic_count,12,1,mic_12,12,0.3,20.0,0.9606201638731728,0.5449016856152197,0.35,0.9600000000000001,0.54,0.35,0.4940761591095021,0.5592941298039743,True,20260629
scene_0004,source_001,E1,mic_count,12,1,mic_12,12,0.3,20.0,0.4116381790591716,0.5823789933975991,0.35,0.4200000000000001,0.5800000000000001,0.35,0.8693656252250705,0.5863739430603352,True,20260630
scene_0005,source_001,E1,mic_count,12,1,mic_12,12,0.3,20.0,1.0196204002269478,0.6159782749667391,0.35,1.1000000000000003,0.66,0.35,9.164492530729753,0.5213686919281326,True,20260631
scene_0006,source_001,E1,mic_count,12,1,mic_12,12,0.3,20.0,1.094307653923706,0.5733269789091149,0.35,1.1200000000000003,0.56,0.35,2.894313413830763,0.6113966043841196,True,20260632
scene_0007,source_001,E1,mic_count,12,1,mic_12,12,0.3,20.0,0.8509747096579159,0.4141621795610436,0.35,0.8400000000000001,0.4200000000000001,0.35,1.2430784349873036,0.49355486286370404,True,20260633
scene_0008,source_001,E1,mic_count,12,1,mic_12,12,0.3,20.0,0.2305753021619123,0.4509116197272055,0.35,0.28,0.38000000000000006,0.35,8.643644236502372,0.5418281898425571,True,20260634
scene_0009,source_001,E1,mic_count,12,1,mic_12,12,0.3,20.0,0.5220358238642889,0.4679121573325631,0.35,0.5800000000000001,0.38000000000000006,0.35,10.53014393156953,0.5151588940825209,False,20260635
scene_0010,source_001,E1,mic_count,12,1,mic_12,12,0.3,20.0,1.0224518580646798,0.6523153775791968,0.35,1.0000000000000002,0.66,0.35,2.37305573534805,0.5231569585027445,True,20260636
scene_0011,source_001,E1,mic_count,12,1,mic_12,12,0.3,20.0,0.09847315520396024,0.283491514796888,0.35,0.08,0.30000000000000004,0.35,2.477473606097495,0.5637017092234529,True,20260637
scene_0012,source_001,E1,mic_count,12,1,mic_12,12,0.3,20.0,0.4495819301539913,0.4288512450144497,0.35,0.4400000000000001,0.4200000000000001,0.35,1.3044459505160972,0.5841084082348269,True,20260638
scene_0013,source_001,E1,mic_count,12,1,mic_12,12,0.3,20.0,0.45163029930715287,0.113007526181993,0.35,0.4600000000000001,0.1,0.35,1.5467631591910902,0.5847051104643007,True,20260639
scene_0014,source_001,E1,mic_count,12,1,mic_12,12,0.3,20.0,0.3065697040072544,0.6164446478443705,0.35,0.30000000000000004,0.6000000000000001,0.35,1.770840064681985,0.5697710053179736,True,20260640
scene_0015,source_001,E1,mic_count,12,1,mic_12,12,0.3,20.0,0.4937844353414752,0.408594970371285,0.35,0.5000000000000001,0.4000000000000001,0.35,1.0606920368682402,0.5673178832431995,True,20260641
scene_0016,source_001,E1,mic_count,12,1,mic_12,12,0.3,20.0,0.4649953139608252,0.6341734895235459,0.35,0.4600000000000001,0.64,0.35,0.7674723832128686,0.5787327576738783,True,20260642
scene_0017,source_001,E1,mic_count,12,1,mic_12,12,0.3,20.0,0.1859284375253824,0.3862911620522877,0.35,0.2,0.38000000000000006,0.35,1.5413876554754493,0.6061461721056607,True,20260643
scene_0018,source_001,E1,mic_count,12,1,mic_12,12,0.3,20.0,0.2471042802545702,0.24185952611598088,0.35,0.26000000000000006,0.24000000000000005,0.35,1.302909916796569,0.5938127836264586,True,20260644
scene_0019,source_001,E1,mic_count,12,1,mic_12,12,0.3,20.0,0.9879899635925242,0.2714508838831799,0.35,0.9800000000000001,0.28,0.35,1.1701577012895947,0.5208586882539268,True,20260645
scene_0020,source_001,E1,mic_count,12,1,mic_12,12,0.3,20.0,1.0865441576090178,0.5403427921843991,0.35,1.1000000000000003,0.54,0.35,1.3460208056811278,0.5866149347454095,True,20260646
scene_0021,source_001,E1,mic_count,12,1,mic_12,12,0.3,20.0,0.842195429424598,0.2079908062852881,0.35,0.8400000000000001,0.22000000000000003,0.35,1.220822034679367,0.5485836425050622,True,20260647
scene_0022,source_001,E1,mic_count,12,1,mic_12,12,0.3,20.0,0.16059600051802178,0.15919361807085852,0.35,0.14,0.14,0.35,2.815297874094923,0.544782516960618,True,20260648
scene_0023,source_001,E1,mic_count,12,1,mic_12,12,0.3,20.0,0.9381766747458229,0.5210068394667083,0.35,0.9400000000000002,0.52,0.35,0.2082844375905729,0.5277180995664187,True,20260649
scene_0024,source_001,E1,mic_count,12,1,mic_12,12,0.3,20.0,0.1571743935650829,0.4580429760398142,0.35,0.12000000000000001,0.38000000000000006,0.35,8.644444254018115,0.4948885690791316,True,20260650
scene_0025,source_001,E1,mic_count,12,1,mic_12,12,0.3,20.0,0.35878053338996857,0.33664244743901645,0.35,0.36000000000000004,0.3400000000000001,0.35,0.35721503345673195,0.5705572860699035,True,20260651
scene_0026,source_001,E1,mic_count,12,1,mic_12,12,0.3,20.0,0.8382648435522316,0.39711726553020493,0.35,0.8200000000000001,0.4000000000000001,0.35,1.8490934752219537,0.5739348244979652,True,20260652
scene_0027,source_001,E1,mic_count,12,1,mic_12,12,0.3,20.0,0.17413013419597273,0.5413371046117295,0.35,0.18000000000000002,0.54,0.35,0.6020230336124777,0.5253184127587573,True,20260653
scene_0028,source_001,E1,mic_count,12,1,mic_12,12,0.3,20.0,0.7140792959859823,0.48394441623276513,0.35,0.7000000000000001,0.4800000000000001,0.35,1.4621388267814917,0.5319902443822454,True,20260654
scene_0029,source_001,E1,mic_count,12,1,mic_12,12,0.3,20.0,0.8359175482022422,0.49158505909396566,0.35,0.8400000000000001,0.4800000000000001,0.35,1.2283322306757687,0.5648389736234567,True,20260655
scene_0030,source_001,E1,mic_count,12,1,mic_12,12,0.3,20.0,0.2816634964931603,0.08602194687590838,0.35,0.28,0.08,0.35,0.6247484674572572,0.5845313345693306,True,20260656
scene_0031,source_001,E1,mic_count,12,1,mic_12,12,0.3,20.0,1.0808523467099977,0.3304179764471413,0.35,1.1000000000000003,0.32000000000000006,0.35,2.1798322407179325,0.5845019726028813,True,20260657
scene_0032,source_001,E1,mic_count,12,1,mic_12,12,0.3,20.0,0.9571532491424077,0.3560065583671004,0.35,0.9400000000000002,0.36000000000000004,0.35,1.7611971275722722,0.6043758715244395,True,20260658
scene_0033,source_001,E1,mic_count,12,1,mic_12,12,0.3,20.0,1.104402647505421,0.6554898977639605,0.35,1.1000000000000003,0.66,0.35,0.6302723795036186,0.5714001189457909,True,20260659
scene_0034,source_001,E1,mic_count,12,1,mic_12,12,0.3,20.0,1.0774154973452033,0.631195539492706,0.35,1.0800000000000003,0.64,0.35,0.9175956560334875,0.5645853210435994,True,20260660
scene_0035,source_001,E1,mic_count,12,1,mic_12,12,0.3,20.0,0.660505642347543,0.184629172196087,0.35,0.64,0.18000000000000002,0.35,2.102166985057027,0.5792535323020531,True,20260661
scene_0036,source_001,E1,mic_count,12,1,mic_12,12,0.3,20.0,0.9135425399173397,0.11727817583086708,0.35,0.9200000000000002,0.12000000000000001,0.35,0.7007647074933882,0.5975847822254372,True,20260662
scene_0037,source_001,E1,mic_count,12,1,mic_12,12,0.3,20.0,0.45512684354363786,0.42081693447440405,0.35,0.4600000000000001,0.4200000000000001,0.35,0.494115733241256,0.5746079314828793,True,20260663
scene_0038,source_001,E1,mic_count,12,1,mic_12,12,0.3,20.0,0.213758747427372,0.40330812285423906,0.35,0.2,0.4000000000000001,0.35,1.4150858899337295,0.579742035312716,True,20260664
scene_0039,source_001,E1,mic_count,12,1,mic_12,12,0.3,20.0,0.2979686873412104,0.39375142041506084,0.35,0.28,0.38000000000000006,0.35,2.2626870932542227,0.584319879820543,True,20260665
scene_0040,source_001,E1,mic_count,12,1,mic_12,12,0.3,20.0,0.10314530018681942,0.6273975564990586,0.35,0.08,0.66,0.35,3.998279933884147,0.6131078407515906,True,20260666
scene_0041,source_001,E1,mic_count,12,1,mic_12,12,0.3,20.0,0.15256960220897903,0.3382610832840304,0.35,0.14,0.3400000000000001,0.35,1.2689315625243507,0.553941862840095,True,20260667
scene_0042,source_001,E1,mic_count,12,1,mic_12,12,0.3,20.0,1.017150404822299,0.5890297112312395,0.35,1.0400000000000003,0.6000000000000001,0.35,2.534662177598472,0.5487017050778179,True,20260668
scene_0043,source_001,E1,mic_count,12,1,mic_12,12,0.3,20.0,0.9951139715426243,0.21177701145416095,0.35,0.9800000000000001,0.22000000000000003,0.35,1.7206094165040886,0.5600651311051842,True,20260669
scene_0044,source_001,E1,mic_count,12,1,mic_12,12,0.3,20.0,0.6785369006482386,0.3315381533168737,0.35,0.6200000000000001,0.3400000000000001,0.35,5.914534290026966,0.5522450149499144,True,20260670
scene_0045,source_001,E1,mic_count,12,1,mic_12,12,0.3,20.0,0.31927527494403074,0.6681431688698649,0.35,0.30000000000000004,0.6000000000000001,0.35,7.081686019441198,0.5421570082723933,True,20260671
scene_0046,source_001,E1,mic_count,12,1,mic_12,12,0.3,20.0,0.4138052125113325,0.11519533297297213,0.35,0.4200000000000001,0.1,0.35,1.6409556245957608,0.568632188111462,True,20260672
scene_0047,source_001,E1,mic_count,12,1,mic_12,12,0.3,20.0,0.20919442250343712,0.538257649151311,0.35,0.22000000000000003,0.52,0.35,2.1215613532646054,0.6153282324410251,True,20260673
scene_0048,source_001,E1,mic_count,12,1,mic_12,12,0.3,20.0,0.4304552938646173,0.18007152400070336,0.35,0.4400000000000001,0.18000000000000002,0.35,0.9544974116962877,0.5531788803905585,True,20260674
scene_0049,source_001,E1,mic_count,12,1,mic_12,12,0.3,20.0,0.2584009484260853,0.3312095523831847,0.35,0.26000000000000006,0.3400000000000001,0.35,0.8934703981666884,0.565454147400073,True,20260675
scene_0050,source_001,E1,mic_count,12,1,mic_12,12,0.3,20.0,0.32652002826916526,0.47473707920007885,0.35,0.32000000000000006,0.4600000000000001,0.35,1.6114970430630884,0.5486620820244502,True,20260676
scene_0051,source_001,E1,mic_count,12,1,mic_12,12,0.3,20.0,0.9080062099714555,0.40148355467278196,0.35,0.8800000000000001,0.4000000000000001,0.35,2.8045476131318967,0.5757335616959356,True,20260677
scene_0052,source_001,E1,mic_count,12,1,mic_12,12,0.3,20.0,0.8282174148362811,0.08742164362794756,0.35,0.8200000000000001,0.08,0.35,1.1072791009126206,0.5699590158835881,True,20260678
scene_0053,source_001,E1,mic_count,12,1,mic_12,12,0.3,20.0,0.6696996240145393,0.33132768927679335,0.35,0.68,0.3400000000000001,0.35,1.346501833350786,0.5946945239233958,True,20260679
scene_0054,source_001,E1,mic_count,12,1,mic_12,12,0.3,20.0,0.11021623263815401,0.3118214166401445,0.35,0.1,0.3400000000000001,0.35,2.9973387687834228,0.5984333773846261,True,20260680
scene_0055,source_001,E1,mic_count,12,1,mic_12,12,0.3,20.0,0.994762534527545,0.5672558981489705,0.35,1.0000000000000002,0.56,0.35,0.8948692782937221,0.568391785782214,True,20260681
scene_0056,source_001,E1,mic_count,12,1,mic_12,12,0.3,20.0,0.816201665026683,0.5867439099410949,0.35,0.8200000000000001,0.5800000000000001,0.35,0.7740004513120231,0.5780812265985313,True,20260682
scene_0057,source_001,E1,mic_count,12,1,mic_12,12,0.3,20.0,0.3659658544183925,0.6453093319080601,0.35,0.38000000000000006,0.66,0.35,2.031681498644159,0.5377811777850391,True,20260683
scene_0058,source_001,E1,mic_count,12,1,mic_12,12,0.3,20.0,0.15921999320464417,0.25353679869070556,0.35,0.14,0.26000000000000006,0.35,2.027760118828245,0.5536490928078323,True,20260684
scene_0059,source_001,E1,mic_count,12,1,mic_12,12,0.3,20.0,0.5334721216308156,0.4214407565288687,0.35,0.56,0.4200000000000001,0.35,2.65669740494796,0.5776877240644747,True,20260685
scene_0060,source_001,E1,mic_count,12,1,mic_12,12,0.3,20.0,0.7703121542452164,0.4699099661338723,0.35,0.7800000000000001,0.38000000000000006,0.35,9.043039514213424,0.5419583130674783,True,20260686
scene_0061,source_001,E1,mic_count,12,1,mic_12,12,0.3,20.0,0.7117273976243993,0.22178073581573643,0.35,0.7200000000000001,0.22000000000000003,0.35,0.8462090173842526,0.6113982568512698,True,20260687
scene_0062,source_001,E1,mic_count,12,1,mic_12,12,0.3,20.0,0.49162020954431895,0.4169344247239129,0.35,0.4800000000000001,0.4200000000000001,0.35,1.2017779396678747,0.6315890736653524,True,20260688
scene_0063,source_001,E1,mic_count,12,1,mic_12,12,0.3,20.0,0.6767045605719935,0.3815852738476891,0.35,0.6200000000000001,0.38000000000000006,0.35,5.6726715776916175,0.5543569708930891,True,20260689
scene_0064,source_001,E1,mic_count,12,1,mic_12,12,0.3,20.0,0.8956429074330077,0.24236075065782836,0.35,0.8800000000000001,0.24000000000000005,0.35,1.5820040980543633,0.598455973672299,True,20260690
scene_0065,source_001,E1,mic_count,12,1,mic_12,12,0.3,20.0,0.09543111146115485,0.12395250437408734,0.35,0.08,0.1,0.35,2.8492835357634334,0.6093096287514566,True,20260691
scene_0066,source_001,E1,mic_count,12,1,mic_12,12,0.3,20.0,0.29995610652669735,0.5019720349974658,0.35,0.32000000000000006,0.5000000000000001,0.35,2.0140669988864235,0.5685154083276026,True,20260692
scene_0067,source_001,E1,mic_count,12,1,mic_12,12,0.3,20.0,0.4963736848302572,0.1860402101406383,0.35,0.5000000000000001,0.2,0.35,1.4423102808613895,0.592229883745592,True,20260693
scene_0068,source_001,E1,mic_count,12,1,mic_12,12,0.3,20.0,1.0198152943289522,0.4746751353986092,0.35,0.9400000000000002,0.5000000000000001,0.35,8.373667043712707,0.5054573706875441,True,20260694
scene_0069,source_001,E1,mic_count,12,1,mic_12,12,0.3,20.0,0.6983806504653327,0.6074763415625563,0.35,0.7000000000000001,0.6000000000000001,0.35,0.7649704312941262,0.5456475123923245,True,20260695
scene_0070,source_001,E1,mic_count,12,1,mic_12,12,0.3,20.0,1.0385908593598296,0.6673083359217676,0.35,1.0400000000000003,0.66,0.35,0.7442946411816977,0.513695265430813,True,20260696
scene_0071,source_001,E1,mic_count,12,1,mic_12,12,0.3,20.0,0.8616413978164373,0.14331092565171408,0.35,0.8800000000000001,0.14,0.35,1.8654771582774585,0.49976188913322833,True,20260697
scene_0072,source_001,E1,mic_count,12,1,mic_12,12,0.3,20.0,0.4286484224972069,0.5546717114732097,0.35,0.4400000000000001,0.54,0.35,1.855040240412679,0.5483303926597141,True,20260698
scene_0073,source_001,E1,mic_count,12,1,mic_12,12,0.3,20.0,1.0997803196299096,0.6430175115956258,0.35,1.1200000000000003,0.64,0.35,2.044360170073677,0.562463341752228,True,20260699
scene_0074,source_001,E1,mic_count,12,1,mic_12,12,0.3,20.0,1.0355284689865534,0.11410422938890838,0.35,0.9600000000000001,0.08,0.35,8.287127421286597,0.5079439418147896,True,20260700
scene_0075,source_001,E1,mic_count,12,1,mic_12,12,0.3,20.0,0.9272671378460657,0.2681617414953122,0.35,0.9400000000000002,0.30000000000000004,0.35,3.4289947262170357,0.5652043919723327,True,20260701
scene_0076,source_001,E1,mic_count,12,1,mic_12,12,0.3,20.0,0.17952941098013184,0.33526845255214843,0.35,0.12000000000000001,0.36000000000000004,0.35,6.446239377192548,0.5228777886683771,True,20260702
scene_0077,source_001,E1,mic_count,12,1,mic_12,12,0.3,20.0,0.15451683624701976,0.25986839460449285,0.35,0.16000000000000003,0.24000000000000005,0.35,2.0611118089561162,0.5416386046352158,True,20260703
scene_0078,source_001,E1,mic_count,12,1,mic_12,12,0.3,20.0,0.43273947069747487,0.4437836688725199,0.35,0.4400000000000001,0.4600000000000001,0.35,1.7767517580937124,0.5650474832343764,True,20260704
scene_0079,source_001,E1,mic_count,12,1,mic_12,12,0.3,20.0,0.7187791900182984,0.4679022198636434,0.35,0.7200000000000001,0.4600000000000001,0.35,0.7995964968956621,0.5525626032121299,True,20260705
scene_0080,source_001,E1,mic_count,12,1,mic_12,12,0.3,20.0,0.6142367489827001,0.24127070957478253,0.35,0.6000000000000001,0.24000000000000005,0.35,1.429334545933363,0.61922218370654,True,20260706
scene_0081,source_001,E1,mic_count,12,1,mic_12,12,0.3,20.0,0.947274907987723,0.3710787271578805,0.35,0.9400000000000002,0.38000000000000006,0.35,1.1511446275484811,0.5510832116636224,True,20260707
scene_0082,source_001,E1,mic_count,12,1,mic_12,12,0.3,20.0,0.7642649515826427,0.3064189465987612,0.35,0.7600000000000001,0.30000000000000004,0.35,0.7706665130913168,0.5805582170835967,True,20260708
scene_0083,source_001,E1,mic_count,12,1,mic_12,12,0.3,20.0,0.5125569539313485,0.6562160396339682,0.35,0.5000000000000001,0.66,0.35,1.311470350735024,0.5899396127301988,True,20260709
scene_0084,source_001,E1,mic_count,12,1,mic_12,12,0.3,20.0,0.9359675316131085,0.6385842072892546,0.35,0.9400000000000002,0.6200000000000001,0.35,1.9016665371753787,0.5509569729363899,True,20260710
scene_0085,source_001,E1,mic_count,12,1,mic_12,12,0.3,20.0,0.6350132956645371,0.48346975387782437,0.35,0.6200000000000001,0.5000000000000001,0.35,2.233042954290204,0.5960812043325295,True,20260711
scene_0086,source_001,E1,mic_count,12,1,mic_12,12,0.3,20.0,0.1791544614784213,0.12590708508960607,0.35,0.24000000000000005,0.18000000000000002,0.35,8.14138993138398,0.5237461130617113,True,20260712
scene_0087,source_001,E1,mic_count,12,1,mic_12,12,0.3,20.0,0.6275215233728432,0.5280696483160418,0.35,0.6200000000000001,0.52,0.35,1.1031434076892255,0.6166572990507738,True,20260713
scene_0088,source_001,E1,mic_count,12,1,mic_12,12,0.3,20.0,1.0266820758249393,0.12197802465627097,0.35,0.9600000000000001,0.08,0.35,7.8795011202267355,0.5128840325679364,True,20260714
scene_0089,source_001,E1,mic_count,12,1,mic_12,12,0.3,20.0,0.3480082758521427,0.18203757759843556,0.35,0.36000000000000004,0.2,0.35,2.1597455094768203,0.4982956384887096,True,20260715
scene_0090,source_001,E1,mic_count,12,1,mic_12,12,0.3,20.0,0.71015734282329,0.1639975082485211,0.35,0.7200000000000001,0.16000000000000003,0.35,1.0623463300413676,0.6035263019548762,True,20260716
scene_0091,source_001,E1,mic_count,12,1,mic_12,12,0.3,20.0,0.12890010764055745,0.35241688151336503,0.35,0.12000000000000001,0.36000000000000004,0.35,1.169254471857408,0.5786721757026991,True,20260717
scene_0092,source_001,E1,mic_count,12,1,mic_12,12,0.3,20.0,0.686825767581549,0.10105213251496513,0.35,0.7000000000000001,0.1,0.35,1.3216178821596418,0.5361411569284987,True,20260718
scene_0093,source_001,E1,mic_count,12,1,mic_12,12,0.3,20.0,0.16066741542093954,0.28140019271654115,0.35,0.08,0.36000000000000004,0.35,11.262842277014853,0.526620954660566,False,20260719
scene_0094,source_001,E1,mic_count,12,1,mic_12,12,0.3,20.0,0.13715372497431205,0.6391444952638591,0.35,0.14,0.66,0.35,2.104883273060653,0.5277270859255713,True,20260720
scene_0095,source_001,E1,mic_count,12,1,mic_12,12,0.3,20.0,0.4968342905892833,0.6071123588628028,0.35,0.5000000000000001,0.6200000000000001,0.35,1.3270757708370742,0.5641112204496901,True,20260721
scene_0096,source_001,E1,mic_count,12,1,mic_12,12,0.3,20.0,0.5498188072520949,0.16600127387794372,0.35,0.56,0.18000000000000002,0.35,1.7309564373788806,0.596509033814401,True,20260722
scene_0097,source_001,E1,mic_count,12,1,mic_12,12,0.3,20.0,1.098338121237861,0.10719655929560822,0.35,1.1200000000000003,0.12000000000000001,0.35,2.5162771814259735,0.584445393822803,True,20260723
scene_0098,source_001,E1,mic_count,12,1,mic_12,12,0.3,20.0,0.8576847876220116,0.29019106792954474,0.35,0.8000000000000002,0.36000000000000004,0.35,9.05583884563656,0.4791793365405691,True,20260724
scene_0099,source_001,E1,mic_count,12,1,mic_12,12,0.3,20.0,0.9552826675775233,0.45328069377944097,0.35,0.9600000000000001,0.38000000000000006,0.35,7.343237232978613,0.5503682337033636,True,20260725
scene_0100,source_001,E1,mic_count,12,1,mic_12,12,0.3,20.0,0.8799403853476536,0.4997327744387025,0.35,0.8800000000000001,0.5000000000000001,0.35,0.02737944619330562,0.5544583337287503,True,20260726
